regime,sample_rate,variant,pairs,ratio,ratio_low,ratio_high,penalty_us,penalty_us_low,penalty_us_high
zero,16,ADAPT-V1,50,0.4564728546542927,0.4514633454780498,0.46050299102264086,0.1883895375400001,0.18343282540250014,0.1943608630595
zero,16,ADAPT-V2,50,0.8607709390484922,0.8525566795302523,0.8694974131883189,0.02563753206000001,0.02402725177850004,0.027245922042999984
zero,32,ADAPT-V1,50,0.5003864301014372,0.4952716365522505,0.5069058019548051,0.15941665252000006,0.15593402154049993,0.16256887863300012
zero,32,ADAPT-V2,50,0.8786476903507706,0.8672439840991909,0.8903872006179026,0.022130393000000016,0.019807209884000008,0.02461233189700007
zero,64,ADAPT-V1,50,0.5199493813363967,0.5180122710394622,0.5218861218463904,0.14431109083999996,0.14337543505099992,0.14528885439199998
zero,64,ADAPT-V2,50,0.8810399817596872,0.8765459265313116,0.8855959086376183,0.021112582680000002,0.02023534325100003,0.02196385330599997
borderline,16,ADAPT-V1,50,0.40549912636393265,0.3965814251037082,0.4141735339596993,0.26105131561999995,0.2518021723195,0.27092692776649985
borderline,16,ADAPT-V2,50,0.8687724421434605,0.8599821413033775,0.8771357006964872,0.02695835452,0.02505215392749996,0.029060041185500006
borderline,32,ADAPT-V1,50,0.5313280731646169,0.5257737857360439,0.5377038795493156,0.15710662576,0.1532768439195,0.16099792383499997
borderline,32,ADAPT-V2,50,0.8845041938218633,0.877914327663685,0.8915273043518964,0.023256764920000016,0.02178817186649997,0.024663152427000016
borderline,64,ADAPT-V1,50,0.6097332235711858,0.605390118834563,0.6138604181907059,0.11324423924000004,0.11113145572500009,0.1154591500650001
borderline,64,ADAPT-V2,50,0.8897703993715573,0.8829819666665248,0.8960034439224729,0.021949067539999985,0.020634642914500005,0.023396476794000007
high,16,ADAPT-V1,50,0.7288497872668671,0.724270542642011,0.734363213370067,0.09991486463999995,0.09752681715200008,0.10200540788999989
high,16,ADAPT-V2,50,0.9157062700636773,0.9097426532406463,0.9222861644806276,0.024756776519999947,0.022732821056500166,0.02666291995049995
high,32,ADAPT-V1,50,0.7966012949976639,0.7941612856467178,0.7990883674888645,0.06819090525999992,0.06717930824300002,0.06916311298299979
high,32,ADAPT-V2,50,0.9234076645761912,0.9155796979773763,0.9288783101885607,0.02221358243999995,0.02048555971049991,0.02474629998049989
high,64,ADAPT-V1,50,0.8393615703275881,0.8317895514544685,0.8463658339433974,0.051432611779999964,0.048957003171500056,0.05432915798649999
high,64,ADAPT-V2,50,0.9311713998876155,0.9268066434083406,0.935524723204243,0.019856458019999922,0.018561480666499874,0.02123595218699994
