machine,source_id,compiler_version,compiler_flags,experiment_family,seed,repetition,records,operations,zipf,reads,updates,hot_fraction,phase_length,sample_rate,segments,variant,phase_fanouts,oracle_operations,oracle_zero_cost_seconds,oracle_zero_cost_ops_sec
f410f7064c081e00,b9d01f8835b06ae01fb0,11.4.0,-std=c++11 -O3 -march=native -DNDEBUG,dynamic_screening,53,0,1000000,1000000,0.99,0.95,0.05,0.05,500000,32,8,ORACLE-ZERO-COST,128;128,1000000,0.182860036,5468663.475490074
f410f7064c081e00,b9d01f8835b06ae01fb0,11.4.0,-std=c++11 -O3 -march=native -DNDEBUG,dynamic_screening,11,0,1000000,1000000,0.8,0.95,0.05,0.2,100000,32,8,ORACLE-ZERO-COST,128;64;128;128;256;256;128;128;128;64,1000000,0.329791217,3032221.4433018086
f410f7064c081e00,b9d01f8835b06ae01fb0,11.4.0,-std=c++11 -O3 -march=native -DNDEBUG,dynamic_screening,71,0,1000000,1000000,0.8,0.95,0.05,0.01,10000,32,8,ORACLE-ZERO-COST,128;32;32;32;64;128;32;64;64;32;128;32;32;32;32;128;64;32;32;32;64;64;32;32;32;128;32;32;32;32;128;32;32;32;32;128;32;32;32;32;128;64;64;32;32;64;32;32;32;32;128;32;32;32;64;128;32;64;64;32;32;32;32;32;32;32;64;64;128;32;128;32;64;32;32;128;32;32;32;32;128;32;64;32;32;32;32;32;32;32;128;64;32;32;32;64;64;64;32;32,1000000,0.18552691200000002,5390053.600417819
f410f7064c081e00,b9d01f8835b06ae01fb0,11.4.0,-std=c++11 -O3 -march=native -DNDEBUG,dynamic_screening,23,0,1000000,1000000,0.8,0.95,0.05,0.05,500000,32,8,ORACLE-ZERO-COST,64;128,1000000,0.21938637,4558168.312826362
f410f7064c081e00,b9d01f8835b06ae01fb0,11.4.0,-std=c++11 -O3 -march=native -DNDEBUG,dynamic_screening,53,0,1000000,1000000,0.99,0.95,0.05,0.2,100000,32,8,ORACLE-ZERO-COST,128;64;128;128;256;64;128;128;256;128,1000000,0.24998779699999998,4000195.257530911
f410f7064c081e00,b9d01f8835b06ae01fb0,11.4.0,-std=c++11 -O3 -march=native -DNDEBUG,dynamic_screening,71,0,1000000,1000000,0.99,0.95,0.05,0.01,500000,32,8,ORACLE-ZERO-COST,128;32,1000000,0.143321205,6977334.582136677
f410f7064c081e00,b9d01f8835b06ae01fb0,11.4.0,-std=c++11 -O3 -march=native -DNDEBUG,dynamic_screening,37,0,1000000,1000000,1.2,0.95,0.05,0.2,500000,32,8,ORACLE-ZERO-COST,128;64,1000000,0.16237912799999998,6158426.9623618135
f410f7064c081e00,b9d01f8835b06ae01fb0,11.4.0,-std=c++11 -O3 -march=native -DNDEBUG,dynamic_screening,71,0,1000000,1000000,1.2,0.95,0.05,0.2,100000,32,8,ORACLE-ZERO-COST,128;128;128;128;128;128;64;128;32;128,1000000,0.166789644,5995576.080251122
f410f7064c081e00,b9d01f8835b06ae01fb0,11.4.0,-std=c++11 -O3 -march=native -DNDEBUG,dynamic_screening,11,0,1000000,1000000,0.99,0.95,0.05,0.05,500000,32,8,ORACLE-ZERO-COST,128;128,1000000,0.182209528,5488187.203909556
f410f7064c081e00,b9d01f8835b06ae01fb0,11.4.0,-std=c++11 -O3 -march=native -DNDEBUG,dynamic_screening,71,0,1000000,1000000,1.2,0.95,0.05,0.01,10000,32,8,ORACLE-ZERO-COST,128;32;32;32;32;128;16;64;32;64;256;32;32;128;32;32;64;32;128;32;64;256;32;16;32;128;32;32;32;32;128;16;64;128;32;256;32;32;32;32;32;32;32;32;32;64;256;16;16;32;128;32;32;32;32;128;32;32;128;32;256;32;32;128;32;128;64;64;128;32;64;256;16;16;16;128;32;32;32;32;128;16;32;128;64;256;32;32;32;32;32;32;32;32;32;64;64;32;16;32,1000000,0.147577631,6776094.677925817
f410f7064c081e00,b9d01f8835b06ae01fb0,11.4.0,-std=c++11 -O3 -march=native -DNDEBUG,dynamic_screening,53,0,1000000,1000000,1.2,0.95,0.05,0.05,10000,32,8,ORACLE-ZERO-COST,256;128;256;32;32;128;128;256;128;32;128;128;256;16;128;128;128;256;128;32;128;128;128;128;128;256;128;256;128;16;128;128;256;128;128;128;128;256;128;64;128;128;256;64;64;128;128;256;128;128;128;128;128;128;64;128;128;256;128;64;256;128;128;128;64;128;128;256;128;32;32;128;128;32;64;128;128;256;128;64;128;128;256;128;64;128;128;256;128;64;128;128;256;128;64;256;128;32;128;64,1000000,0.167217619,5980231.066440432
f410f7064c081e00,b9d01f8835b06ae01fb0,11.4.0,-std=c++11 -O3 -march=native -DNDEBUG,dynamic_screening,71,0,1000000,1000000,1.2,0.95,0.05,0.05,500000,32,8,ORACLE-ZERO-COST,128;128,1000000,0.141417194,7071275.929856167
f410f7064c081e00,b9d01f8835b06ae01fb0,11.4.0,-std=c++11 -O3 -march=native -DNDEBUG,dynamic_screening,11,0,1000000,1000000,1.2,0.95,0.05,0.05,100000,32,8,ORACLE-ZERO-COST,128;128;128;128;64;128;128;128;128;64,1000000,0.150012762,6666099.514919938
f410f7064c081e00,b9d01f8835b06ae01fb0,11.4.0,-std=c++11 -O3 -march=native -DNDEBUG,dynamic_screening,23,0,1000000,1000000,0.99,0.95,0.05,0.05,10000,32,8,ORACLE-ZERO-COST,128;128;128;128;64;64;128;128;128;64;64;128;256;128;64;128;128;128;128;64;128;128;128;128;64;64;128;256;32;64;128;64;128;128;64;256;128;128;128;64;128;128;256;128;128;64;64;256;32;64;128;128;128;128;64;128;128;256;128;64;128;128;128;128;64;128;64;256;128;64;128;128;128;128;64;64;128;256;128;64;128;128;128;128;64;128;64;32;128;64;128;64;32;32;64;256;128;256;128;64,1000000,0.22175057499999992,4509571.1702213185
f410f7064c081e00,b9d01f8835b06ae01fb0,11.4.0,-std=c++11 -O3 -march=native -DNDEBUG,dynamic_screening,53,0,1000000,1000000,0.8,0.95,0.05,0.01,100000,32,8,ORACLE-ZERO-COST,128;32;32;128;128;128;128;64;128;64,1000000,0.168803737,5924039.466022011
f410f7064c081e00,b9d01f8835b06ae01fb0,11.4.0,-std=c++11 -O3 -march=native -DNDEBUG,dynamic_screening,23,0,1000000,1000000,1.2,0.95,0.05,0.01,100000,32,8,ORACLE-ZERO-COST,128;32;32;32;32;128;32;32;32;32,1000000,0.13519442,7396754.984414297
f410f7064c081e00,b9d01f8835b06ae01fb0,11.4.0,-std=c++11 -O3 -march=native -DNDEBUG,dynamic_screening,53,0,1000000,1000000,0.8,0.95,0.05,0.2,500000,32,8,ORACLE-ZERO-COST,256;64,1000000,0.32934058,3036370.4345210055
f410f7064c081e00,b9d01f8835b06ae01fb0,11.4.0,-std=c++11 -O3 -march=native -DNDEBUG,dynamic_screening,53,0,1000000,1000000,0.99,0.95,0.05,0.05,100000,32,8,ORACLE-ZERO-COST,128;128;128;128;64;128;128;128;128;64,1000000,0.189264981,5283597.603298837
f410f7064c081e00,b9d01f8835b06ae01fb0,11.4.0,-std=c++11 -O3 -march=native -DNDEBUG,dynamic_screening,53,0,1000000,1000000,1.2,0.95,0.05,0.01,100000,32,8,ORACLE-ZERO-COST,256;32;32;32;32;128;32;32;128;64,1000000,0.135974543,7354317.785793183
f410f7064c081e00,b9d01f8835b06ae01fb0,11.4.0,-std=c++11 -O3 -march=native -DNDEBUG,dynamic_screening,71,0,1000000,1000000,0.99,0.95,0.05,0.05,100000,32,8,ORACLE-ZERO-COST,32;128;256;128;64;128;128;128;32;64,1000000,0.19395039,5155957.665256564
f410f7064c081e00,b9d01f8835b06ae01fb0,11.4.0,-std=c++11 -O3 -march=native -DNDEBUG,dynamic_screening,71,0,1000000,1000000,0.8,0.95,0.05,0.05,500000,32,8,ORACLE-ZERO-COST,64;256,1000000,0.226764939,4409852.794747957
f410f7064c081e00,b9d01f8835b06ae01fb0,11.4.0,-std=c++11 -O3 -march=native -DNDEBUG,dynamic_screening,53,0,1000000,1000000,0.8,0.95,0.05,0.05,500000,32,8,ORACLE-ZERO-COST,128;128,1000000,0.21977401800000002,4550128.39597809
f410f7064c081e00,b9d01f8835b06ae01fb0,11.4.0,-std=c++11 -O3 -march=native -DNDEBUG,dynamic_screening,11,0,1000000,1000000,0.99,0.95,0.05,0.2,10000,32,8,ORACLE-ZERO-COST,128;128;128;128;256;256;64;128;128;128;256;64;128;128;128;128;128;128;128;128;128;64;128;128;128;128;128;128;128;256;256;128;128;128;128;128;128;128;128;128;128;128;128;128;128;128;128;128;128;128;128;64;128;256;128;128;128;128;128;128;128;64;128;128;128;128;64;64;256;128;128;64;128;256;128;128;128;128;128;256;128;64;128;128;128;256;64;128;256;64;64;64;128;128;128;128;128;128;128;128,1000000,0.272204289,3673711.401365906
f410f7064c081e00,b9d01f8835b06ae01fb0,11.4.0,-std=c++11 -O3 -march=native -DNDEBUG,dynamic_screening,37,0,1000000,1000000,0.99,0.95,0.05,0.2,100000,32,8,ORACLE-ZERO-COST,64;64;128;256;128;128;64;128;128;64,1000000,0.245055225,4080712.82707806
f410f7064c081e00,b9d01f8835b06ae01fb0,11.4.0,-std=c++11 -O3 -march=native -DNDEBUG,dynamic_screening,11,0,1000000,1000000,0.99,0.95,0.05,0.05,100000,32,8,ORACLE-ZERO-COST,64;128;256;32;64;64;32;64;32;64,1000000,0.19414684200000004,5150740.489510511
f410f7064c081e00,b9d01f8835b06ae01fb0,11.4.0,-std=c++11 -O3 -march=native -DNDEBUG,dynamic_screening,23,0,1000000,1000000,0.99,0.95,0.05,0.01,100000,32,8,ORACLE-ZERO-COST,128;32;32;32;32;128;32;32;32;32,1000000,0.152695423,6548984.772123786
f410f7064c081e00,b9d01f8835b06ae01fb0,11.4.0,-std=c++11 -O3 -march=native -DNDEBUG,dynamic_screening,71,0,1000000,1000000,0.8,0.95,0.05,0.01,500000,32,8,ORACLE-ZERO-COST,128;32,1000000,0.154719892,6463293.032805375
f410f7064c081e00,b9d01f8835b06ae01fb0,11.4.0,-std=c++11 -O3 -march=native -DNDEBUG,dynamic_screening,71,0,1000000,1000000,0.99,0.95,0.05,0.2,500000,32,8,ORACLE-ZERO-COST,128;64,1000000,0.235273083,4250379.972280977
f410f7064c081e00,b9d01f8835b06ae01fb0,11.4.0,-std=c++11 -O3 -march=native -DNDEBUG,dynamic_screening,23,0,1000000,1000000,0.8,0.95,0.05,0.2,500000,32,8,ORACLE-ZERO-COST,128;128,1000000,0.312322457,3201819.0738042253
f410f7064c081e00,b9d01f8835b06ae01fb0,11.4.0,-std=c++11 -O3 -march=native -DNDEBUG,dynamic_screening,11,0,1000000,1000000,0.99,0.95,0.05,0.01,100000,32,8,ORACLE-ZERO-COST,32;32;32;32;32;128;16;32;128;64,1000000,0.15299364699999998,6536219.115032927
f410f7064c081e00,b9d01f8835b06ae01fb0,11.4.0,-std=c++11 -O3 -march=native -DNDEBUG,dynamic_screening,71,0,1000000,1000000,0.99,0.95,0.05,0.05,10000,32,8,ORACLE-ZERO-COST,128;128;256;128;64;256;128;256;128;64;128;128;256;128;64;128;128;128;128;128;128;128;128;128;64;64;64;128;64;64;128;128;128;128;64;128;128;128;32;64;128;128;256;128;128;128;128;256;128;64;64;128;128;128;64;128;128;128;128;64;128;128;128;128;128;128;128;128;128;128;128;256;128;128;64;128;128;256;32;64;128;128;128;128;128;128;128;128;128;128;128;128;128;32;64;128;128;64;128;128,1000000,0.22034656000000002,4538305.47660921
f410f7064c081e00,b9d01f8835b06ae01fb0,11.4.0,-std=c++11 -O3 -march=native -DNDEBUG,dynamic_screening,53,0,1000000,1000000,1.2,0.95,0.05,0.01,10000,32,8,ORACLE-ZERO-COST,128;32;32;32;32;128;16;64;128;64;256;32;32;128;32;128;64;32;128;32;64;256;64;32;32;128;32;32;32;32;128;16;32;32;32;256;32;32;128;32;32;32;32;128;32;64;64;32;16;16;128;32;32;32;32;128;32;32;128;64;256;32;32;128;16;32;32;32;128;32;64;256;32;16;32;128;32;32;32;32;128;32;32;32;64;256;32;32;128;32;128;64;32;32;32;64;256;16;128;32,1000000,0.148705516,6724700.111326065
f410f7064c081e00,b9d01f8835b06ae01fb0,11.4.0,-std=c++11 -O3 -march=native -DNDEBUG,dynamic_screening,37,0,1000000,1000000,0.8,0.95,0.05,0.2,100000,32,8,ORACLE-ZERO-COST,128;128;128;256;256;128;128;128;128;128,1000000,0.327348356,3054849.617146084
f410f7064c081e00,b9d01f8835b06ae01fb0,11.4.0,-std=c++11 -O3 -march=native -DNDEBUG,dynamic_screening,71,0,1000000,1000000,0.8,0.95,0.05,0.2,10000,32,8,ORACLE-ZERO-COST,256;128;128;128;128;128;128;128;128;256;128;128;128;128;128;256;128;128;128;256;128;128;128;256;128;128;128;128;128;256;32;128;128;128;128;128;128;128;256;256;256;128;128;256;128;128;128;128;256;128;256;128;128;256;128;256;128;128;256;256;256;64;128;256;256;256;128;128;256;128;128;128;128;128;128;256;128;128;256;128;256;128;128;128;128;128;128;128;256;256;256;128;256;256;128;128;128;128;128;128,1000000,0.359268603,2783432.762144261
f410f7064c081e00,b9d01f8835b06ae01fb0,11.4.0,-std=c++11 -O3 -march=native -DNDEBUG,dynamic_screening,37,0,1000000,1000000,1.2,0.95,0.05,0.01,500000,32,8,ORACLE-ZERO-COST,128;32,1000000,0.128212796,7799533.519259654
f410f7064c081e00,b9d01f8835b06ae01fb0,11.4.0,-std=c++11 -O3 -march=native -DNDEBUG,dynamic_screening,23,0,1000000,1000000,0.8,0.95,0.05,0.01,100000,32,8,ORACLE-ZERO-COST,128;32;64;32;64;256;32;64;64;64,1000000,0.167701755,5962966.815702078
f410f7064c081e00,b9d01f8835b06ae01fb0,11.4.0,-std=c++11 -O3 -march=native -DNDEBUG,dynamic_screening,11,0,1000000,1000000,1.2,0.95,0.05,0.2,10000,32,8,ORACLE-ZERO-COST,128;128;128;256;128;256;128;128;256;128;128;128;128;128;128;128;128;128;256;32;128;128;128;256;128;128;64;128;256;128;128;128;32;256;128;128;64;128;128;32;128;128;128;128;128;128;16;128;256;128;256;32;128;128;128;128;64;128;256;128;128;128;128;32;128;128;128;128;128;128;128;32;128;16;128;128;32;128;128;128;128;64;32;32;128;128;128;128;256;128;128;128;128;128;128;128;128;128;256;128,1000000,0.18631585899999992,5367229.635562051
f410f7064c081e00,b9d01f8835b06ae01fb0,11.4.0,-std=c++11 -O3 -march=native -DNDEBUG,dynamic_screening,23,0,1000000,1000000,0.8,0.95,0.05,0.2,10000,32,8,ORACLE-ZERO-COST,128;128;128;128;256;256;64;128;128;128;128;64;128;128;128;128;128;128;128;64;256;128;128;128;128;128;64;128;128;256;128;64;128;128;256;128;128;128;128;128;256;128;128;128;128;128;128;128;256;256;128;128;32;128;128;64;128;128;256;128;256;64;256;256;128;256;64;256;256;128;256;64;64;256;256;256;128;128;128;128;128;128;128;128;128;128;128;128;256;128;128;128;128;128;128;128;128;128;128;128,1000000,0.3593020850000001,2783173.384590851
f410f7064c081e00,b9d01f8835b06ae01fb0,11.4.0,-std=c++11 -O3 -march=native -DNDEBUG,dynamic_screening,37,0,1000000,1000000,0.99,0.95,0.05,0.01,100000,32,8,ORACLE-ZERO-COST,128;32;32;32;32;128;32;64;32;32,1000000,0.15197683,6579950.3779622195
f410f7064c081e00,b9d01f8835b06ae01fb0,11.4.0,-std=c++11 -O3 -march=native -DNDEBUG,dynamic_screening,37,0,1000000,1000000,0.99,0.95,0.05,0.05,500000,32,8,ORACLE-ZERO-COST,128;128,1000000,0.183355451,5453887.487642786
f410f7064c081e00,b9d01f8835b06ae01fb0,11.4.0,-std=c++11 -O3 -march=native -DNDEBUG,dynamic_screening,37,0,1000000,1000000,1.2,0.95,0.05,0.2,10000,32,8,ORACLE-ZERO-COST,64;64;128;256;128;128;64;128;256;128;128;64;128;256;128;128;64;128;256;128;128;64;128;256;128;256;64;32;256;128;128;64;128;256;128;128;64;128;256;128;256;64;128;256;128;128;64;128;256;128;128;64;128;256;128;64;64;128;256;128;128;64;128;256;128;128;64;128;128;128;128;64;128;128;128;128;32;128;128;128;128;64;128;256;128;128;64;128;256;128;256;64;128;256;128;128;64;32;256;128,1000000,0.18231095599999997,5485133.872042228
f410f7064c081e00,b9d01f8835b06ae01fb0,11.4.0,-std=c++11 -O3 -march=native -DNDEBUG,dynamic_screening,71,0,1000000,1000000,1.2,0.95,0.05,0.05,100000,32,8,ORACLE-ZERO-COST,128;128;128;128;64;128;128;256;128;64,1000000,0.15195155100000002,6581045.033229045
f410f7064c081e00,b9d01f8835b06ae01fb0,11.4.0,-std=c++11 -O3 -march=native -DNDEBUG,dynamic_screening,53,0,1000000,1000000,0.8,0.95,0.05,0.05,10000,32,8,ORACLE-ZERO-COST,256;128;128;128;128;128;128;32;128;128;128;256;128;128;128;256;256;128;128;128;128;128;128;128;64;64;128;128;128;64;128;128;128;128;64;256;128;128;128;64;128;128;128;128;64;128;128;128;128;128;128;128;128;128;64;128;128;128;128;128;64;128;128;128;64;128;128;128;128;128;128;128;128;32;128;128;128;128;128;128;128;128;128;128;128;128;128;128;128;128;128;256;256;128;128;128;128;128;128;64,1000000,0.2654957419999999,3766538.749235384
f410f7064c081e00,b9d01f8835b06ae01fb0,11.4.0,-std=c++11 -O3 -march=native -DNDEBUG,dynamic_screening,11,0,1000000,1000000,0.8,0.95,0.05,0.01,100000,32,8,ORACLE-ZERO-COST,128;32;64;128;32;128;64;64;32;64,1000000,0.167957407,5953890.440806817
f410f7064c081e00,b9d01f8835b06ae01fb0,11.4.0,-std=c++11 -O3 -march=native -DNDEBUG,dynamic_screening,53,0,1000000,1000000,0.8,0.95,0.05,0.2,10000,32,8,ORACLE-ZERO-COST,128;128;128;128;128;256;128;256;256;256;128;128;128;128;256;128;128;128;128;128;128;128;128;256;128;128;128;128;128;128;128;128;128;128;128;128;128;256;128;128;128;128;128;256;128;128;128;128;128;128;128;64;128;128;128;128;128;128;128;128;256;128;128;128;128;128;128;128;128;256;128;128;128;128;128;256;64;128;128;256;128;128;128;256;256;128;64;128;128;128;128;128;64;256;256;128;128;128;128;128,1000000,0.3603971030000001,2774717.0875566103
f410f7064c081e00,b9d01f8835b06ae01fb0,11.4.0,-std=c++11 -O3 -march=native -DNDEBUG,dynamic_screening,71,0,1000000,1000000,1.2,0.95,0.05,0.05,10000,32,8,ORACLE-ZERO-COST,128;128;128;128;128;128;128;256;32;64;128;128;256;128;128;128;128;128;128;128;128;128;256;32;64;128;128;256;128;32;128;128;256;128;128;128;128;256;32;64;128;128;256;128;64;128;128;256;128;64;128;128;256;128;64;128;128;32;32;64;128;128;256;128;64;256;128;256;32;64;128;32;128;128;64;128;128;256;128;64;128;128;128;128;64;128;128;256;128;32;128;128;128;128;64;128;128;256;32;64,1000000,0.16631037400000004,6012854.014747148
f410f7064c081e00,b9d01f8835b06ae01fb0,11.4.0,-std=c++11 -O3 -march=native -DNDEBUG,dynamic_screening,37,0,1000000,1000000,1.2,0.95,0.05,0.2,100000,32,8,ORACLE-ZERO-COST,256;64;128;32;128;128;128;128;128;128,1000000,0.16913831199999999,5912321.035815943
f410f7064c081e00,b9d01f8835b06ae01fb0,11.4.0,-std=c++11 -O3 -march=native -DNDEBUG,dynamic_screening,53,0,1000000,1000000,0.99,0.95,0.05,0.2,500000,32,8,ORACLE-ZERO-COST,128;128,1000000,0.237552133,4209602.277071535
f410f7064c081e00,b9d01f8835b06ae01fb0,11.4.0,-std=c++11 -O3 -march=native -DNDEBUG,dynamic_screening,23,0,1000000,1000000,0.99,0.95,0.05,0.2,10000,32,8,ORACLE-ZERO-COST,256;128;128;128;128;128;128;128;128;128;128;128;128;128;128;128;128;128;128;128;128;128;128;256;128;128;128;128;128;128;128;128;128;128;128;256;128;128;128;128;128;128;128;128;128;128;128;128;128;256;256;128;128;128;128;128;128;128;256;128;128;128;128;256;128;128;128;128;128;128;128;128;128;128;128;128;32;128;256;256;128;128;128;256;128;256;128;128;128;128;128;128;128;256;128;128;128;128;128;128,1000000,0.269086274,3716280.229143163
f410f7064c081e00,b9d01f8835b06ae01fb0,11.4.0,-std=c++11 -O3 -march=native -DNDEBUG,dynamic_screening,37,0,1000000,1000000,0.8,0.95,0.05,0.05,100000,32,8,ORACLE-ZERO-COST,64;64;256;64;64;64;256;128;128;128,1000000,0.22978384699999999,4351915.998690718
f410f7064c081e00,b9d01f8835b06ae01fb0,11.4.0,-std=c++11 -O3 -march=native -DNDEBUG,dynamic_screening,37,0,1000000,1000000,0.99,0.95,0.05,0.01,500000,32,8,ORACLE-ZERO-COST,128;32,1000000,0.14379945,6954129.518576045
f410f7064c081e00,b9d01f8835b06ae01fb0,11.4.0,-std=c++11 -O3 -march=native -DNDEBUG,dynamic_screening,53,0,1000000,1000000,1.2,0.95,0.05,0.2,10000,32,8,ORACLE-ZERO-COST,128;64;128;32;128;256;64;128;32;128;256;64;128;128;128;128;64;128;128;128;128;64;32;32;32;128;64;128;128;128;128;64;128;32;128;128;64;128;128;128;128;64;128;256;64;256;64;128;256;128;256;64;128;256;32;256;64;128;256;128;256;64;128;128;128;128;64;128;256;128;128;64;128;256;128;128;32;128;256;128;128;64;128;128;128;128;64;128;256;128;128;64;128;128;128;128;64;128;128;128,1000000,0.18472054400000007,5413583.017598733
f410f7064c081e00,b9d01f8835b06ae01fb0,11.4.0,-std=c++11 -O3 -march=native -DNDEBUG,dynamic_screening,23,0,1000000,1000000,1.2,0.95,0.05,0.01,10000,32,8,ORACLE-ZERO-COST,128;32;32;128;64;128;32;64;128;64;32;32;32;128;32;32;64;32;32;32;64;32;32;16;16;128;32;32;32;32;128;16;64;32;32;32;32;32;128;32;128;32;32;128;32;64;256;32;16;16;128;32;32;32;32;128;32;32;32;32;256;32;32;128;32;128;64;64;128;32;64;256;32;32;32;128;32;32;32;32;32;32;32;32;32;256;32;32;128;32;32;64;64;128;32;64;256;16;16;32,1000000,0.147955973,6758767.353042247
f410f7064c081e00,b9d01f8835b06ae01fb0,11.4.0,-std=c++11 -O3 -march=native -DNDEBUG,dynamic_screening,23,0,1000000,1000000,0.8,0.95,0.05,0.2,100000,32,8,ORACLE-ZERO-COST,128;64;128;128;128;128;64;64;256;256,1000000,0.32525058799999995,3074552.473983537
f410f7064c081e00,b9d01f8835b06ae01fb0,11.4.0,-std=c++11 -O3 -march=native -DNDEBUG,dynamic_screening,23,0,1000000,1000000,0.99,0.95,0.05,0.01,10000,32,8,ORACLE-ZERO-COST,128;32;32;32;32;128;32;32;32;32;128;16;32;32;32;32;32;32;32;32;64;32;32;32;32;32;32;32;32;64;128;16;64;32;64;32;32;32;128;32;128;64;64;32;32;64;64;16;32;16;128;32;32;32;32;128;32;64;128;64;32;32;32;32;32;32;64;32;32;32;64;32;32;32;16;128;32;32;32;32;128;32;32;32;32;256;32;16;128;32;128;32;32;32;32;64;64;32;32;32,1000000,0.168960155,5918555.176514842
f410f7064c081e00,b9d01f8835b06ae01fb0,11.4.0,-std=c++11 -O3 -march=native -DNDEBUG,dynamic_screening,11,0,1000000,1000000,0.8,0.95,0.05,0.01,500000,32,8,ORACLE-ZERO-COST,128;32,1000000,0.154832504,6458592.1829437055
f410f7064c081e00,b9d01f8835b06ae01fb0,11.4.0,-std=c++11 -O3 -march=native -DNDEBUG,dynamic_screening,37,0,1000000,1000000,0.8,0.95,0.05,0.05,10000,32,8,ORACLE-ZERO-COST,256;128;128;128;64;256;128;128;128;64;128;128;128;128;128;64;128;128;128;64;128;128;128;128;64;64;128;128;128;64;128;128;128;128;128;128;128;256;128;128;128;128;128;32;64;128;128;128;128;128;128;128;128;128;128;128;128;128;128;128;128;128;256;128;64;128;128;128;128;128;128;128;128;128;128;128;128;128;128;128;128;256;128;128;64;128;128;128;128;128;128;128;128;128;64;128;256;256;128;128,1000000,0.264376663,3782482.1171905026
f410f7064c081e00,b9d01f8835b06ae01fb0,11.4.0,-std=c++11 -O3 -march=native -DNDEBUG,dynamic_screening,53,0,1000000,1000000,1.2,0.95,0.05,0.01,500000,32,8,ORACLE-ZERO-COST,128;128,1000000,0.129065113,7748027.152775204
f410f7064c081e00,b9d01f8835b06ae01fb0,11.4.0,-std=c++11 -O3 -march=native -DNDEBUG,dynamic_screening,11,0,1000000,1000000,0.99,0.95,0.05,0.2,500000,32,8,ORACLE-ZERO-COST,128;32,1000000,0.244829271,4084478.9347103843
f410f7064c081e00,b9d01f8835b06ae01fb0,11.4.0,-std=c++11 -O3 -march=native -DNDEBUG,dynamic_screening,53,0,1000000,1000000,0.8,0.95,0.05,0.2,100000,32,8,ORACLE-ZERO-COST,128;128;128;128;128;128;128;128;128;128,1000000,0.31570465999999997,3167517.3879283257
f410f7064c081e00,b9d01f8835b06ae01fb0,11.4.0,-std=c++11 -O3 -march=native -DNDEBUG,dynamic_screening,23,0,1000000,1000000,0.8,0.95,0.05,0.05,100000,32,8,ORACLE-ZERO-COST,128;128;64;64;64;64;64;256;128;16,1000000,0.23744328600000003,4211532.011901149
f410f7064c081e00,b9d01f8835b06ae01fb0,11.4.0,-std=c++11 -O3 -march=native -DNDEBUG,dynamic_screening,11,0,1000000,1000000,1.2,0.95,0.05,0.2,100000,32,8,ORACLE-ZERO-COST,128;64;128;128;128;128;64;128;256;128,1000000,0.166089932,6020834.544022813
f410f7064c081e00,b9d01f8835b06ae01fb0,11.4.0,-std=c++11 -O3 -march=native -DNDEBUG,dynamic_screening,11,0,1000000,1000000,1.2,0.95,0.05,0.05,500000,32,8,ORACLE-ZERO-COST,128;128,1000000,0.144912624,6900710.044419595
f410f7064c081e00,b9d01f8835b06ae01fb0,11.4.0,-std=c++11 -O3 -march=native -DNDEBUG,dynamic_screening,37,0,1000000,1000000,0.8,0.95,0.05,0.01,500000,32,8,ORACLE-ZERO-COST,128;32,1000000,0.156158283,6403758.934772611
f410f7064c081e00,b9d01f8835b06ae01fb0,11.4.0,-std=c++11 -O3 -march=native -DNDEBUG,dynamic_screening,71,0,1000000,1000000,0.8,0.95,0.05,0.2,500000,32,8,ORACLE-ZERO-COST,256;64,1000000,0.31836518199999997,3141047.000547943
f410f7064c081e00,b9d01f8835b06ae01fb0,11.4.0,-std=c++11 -O3 -march=native -DNDEBUG,dynamic_screening,53,0,1000000,1000000,0.99,0.95,0.05,0.01,100000,32,8,ORACLE-ZERO-COST,128;32;32;32;32;128;32;32;128;32,1000000,0.151481963,6601446.008459766
f410f7064c081e00,b9d01f8835b06ae01fb0,11.4.0,-std=c++11 -O3 -march=native -DNDEBUG,dynamic_screening,37,0,1000000,1000000,0.8,0.95,0.05,0.01,10000,32,8,ORACLE-ZERO-COST,64;32;32;32;64;32;32;64;128;32;128;32;32;32;32;128;64;32;32;64;128;256;32;128;32;32;32;64;32;32;128;32;32;32;32;32;32;32;32;32;128;64;32;32;32;64;32;32;16;32;32;32;32;32;32;32;32;64;64;32;32;32;32;32;32;32;64;32;32;32;64;32;32;32;16;64;64;32;32;64;64;32;32;32;64;256;64;32;32;32;128;64;64;32;64;64;64;32;32;64,1000000,0.18714704100000007,5343391.990899817
f410f7064c081e00,b9d01f8835b06ae01fb0,11.4.0,-std=c++11 -O3 -march=native -DNDEBUG,dynamic_screening,53,0,1000000,1000000,0.99,0.95,0.05,0.2,10000,32,8,ORACLE-ZERO-COST,128;64;128;256;128;128;128;128;128;128;256;128;128;128;128;128;128;128;128;64;256;128;32;256;128;64;64;32;256;128;128;128;32;128;128;128;128;128;128;256;128;64;128;128;128;256;64;128;256;128;128;128;128;128;128;128;64;128;256;128;128;128;128;256;64;256;128;128;256;128;128;128;128;256;128;128;128;128;256;128;128;64;128;256;128;128;64;128;256;128;128;64;128;256;128;64;128;32;256;128,1000000,0.27318773,3660486.508672992
f410f7064c081e00,b9d01f8835b06ae01fb0,11.4.0,-std=c++11 -O3 -march=native -DNDEBUG,dynamic_screening,11,0,1000000,1000000,0.99,0.95,0.05,0.01,500000,32,8,ORACLE-ZERO-COST,128;32,1000000,0.14500195,6896458.978655115
f410f7064c081e00,b9d01f8835b06ae01fb0,11.4.0,-std=c++11 -O3 -march=native -DNDEBUG,dynamic_screening,11,0,1000000,1000000,1.2,0.95,0.05,0.01,500000,32,8,ORACLE-ZERO-COST,256;32,1000000,0.13098580399999998,7634415.100433327
f410f7064c081e00,b9d01f8835b06ae01fb0,11.4.0,-std=c++11 -O3 -march=native -DNDEBUG,dynamic_screening,37,0,1000000,1000000,0.8,0.95,0.05,0.2,10000,32,8,ORACLE-ZERO-COST,256;128;128;128;128;256;128;128;256;128;256;64;128;256;256;64;64;128;256;256;64;128;128;256;256;128;128;128;128;256;256;64;128;256;128;128;64;128;128;256;128;128;128;256;256;128;256;64;128;128;128;128;128;256;128;256;128;64;128;256;256;128;32;256;256;256;32;128;256;128;256;128;128;256;256;256;128;128;256;128;128;128;128;128;256;128;64;256;256;128;128;128;128;128;128;64;64;128;128;128,1000000,0.3647200769999999,2741828.7696841
f410f7064c081e00,b9d01f8835b06ae01fb0,11.4.0,-std=c++11 -O3 -march=native -DNDEBUG,dynamic_screening,53,0,1000000,1000000,1.2,0.95,0.05,0.2,100000,32,8,ORACLE-ZERO-COST,128;64;128;256;64;64;64;128;256;128,1000000,0.168798173,5924234.736829764
f410f7064c081e00,b9d01f8835b06ae01fb0,11.4.0,-std=c++11 -O3 -march=native -DNDEBUG,dynamic_screening,23,0,1000000,1000000,1.2,0.95,0.05,0.05,10000,32,8,ORACLE-ZERO-COST,64;128;256;128;32;128;128;32;128;64;128;128;256;128;64;128;128;256;32;32;256;128;256;32;64;128;128;256;128;64;128;128;256;128;64;128;128;128;32;64;128;128;256;32;64;256;128;256;32;64;128;128;256;128;64;128;128;256;32;64;128;128;128;128;64;128;128;256;128;64;128;128;256;32;32;128;128;256;64;64;128;128;128;128;64;128;128;128;128;64;128;128;256;128;64;256;128;256;32;64,1000000,0.16669240299999993,5999073.6350474255
f410f7064c081e00,b9d01f8835b06ae01fb0,11.4.0,-std=c++11 -O3 -march=native -DNDEBUG,dynamic_screening,37,0,1000000,1000000,0.99,0.95,0.05,0.05,100000,32,8,ORACLE-ZERO-COST,256;128;128;128;64;128;128;256;128;32,1000000,0.192808153,5186502.668276688
f410f7064c081e00,b9d01f8835b06ae01fb0,11.4.0,-std=c++11 -O3 -march=native -DNDEBUG,dynamic_screening,23,0,1000000,1000000,1.2,0.95,0.05,0.05,100000,32,8,ORACLE-ZERO-COST,128;128;128;128;64;64;128;128;128;64,1000000,0.152658254,6550579.308996945
f410f7064c081e00,b9d01f8835b06ae01fb0,11.4.0,-std=c++11 -O3 -march=native -DNDEBUG,dynamic_screening,11,0,1000000,1000000,1.2,0.95,0.05,0.01,10000,32,8,ORACLE-ZERO-COST,256;32;32;32;32;128;32;64;32;16;256;32;32;128;32;32;32;32;64;32;128;256;16;16;16;128;32;32;32;128;128;32;32;32;64;256;32;16;128;32;128;32;64;128;32;64;256;32;16;32;128;32;32;32;32;128;32;32;32;64;256;32;32;128;32;128;64;32;128;32;64;256;32;16;32;128;32;32;32;32;128;32;32;32;32;32;32;32;128;16;128;32;16;128;32;64;32;16;16;16,1000000,0.14817024899999998,6748993.180135643
f410f7064c081e00,b9d01f8835b06ae01fb0,11.4.0,-std=c++11 -O3 -march=native -DNDEBUG,dynamic_screening,71,0,1000000,1000000,1.2,0.95,0.05,0.2,500000,32,8,ORACLE-ZERO-COST,256;64,1000000,0.16139457699999998,6195995.048829925
f410f7064c081e00,b9d01f8835b06ae01fb0,11.4.0,-std=c++11 -O3 -march=native -DNDEBUG,dynamic_screening,23,0,1000000,1000000,0.99,0.95,0.05,0.01,500000,32,8,ORACLE-ZERO-COST,64;32,1000000,0.144886282,6901964.673232487
f410f7064c081e00,b9d01f8835b06ae01fb0,11.4.0,-std=c++11 -O3 -march=native -DNDEBUG,dynamic_screening,37,0,1000000,1000000,0.99,0.95,0.05,0.2,10000,32,8,ORACLE-ZERO-COST,128;128;128;256;128;128;128;128;128;128;128;64;128;128;128;256;64;128;256;128;128;128;128;128;128;64;128;128;128;128;128;64;128;128;128;128;128;128;128;64;256;64;128;128;128;256;128;128;128;128;256;128;128;128;128;256;128;128;128;128;128;64;128;128;128;128;128;128;128;128;128;128;128;128;128;128;128;128;128;128;128;64;128;128;128;128;128;128;128;128;128;64;128;128;128;128;128;128;128;128,1000000,0.26934495399999997,3712711.098348626
f410f7064c081e00,b9d01f8835b06ae01fb0,11.4.0,-std=c++11 -O3 -march=native -DNDEBUG,dynamic_screening,71,0,1000000,1000000,0.99,0.95,0.05,0.01,10000,32,8,ORACLE-ZERO-COST,128;64;32;32;32;32;32;32;32;64;32;32;32;32;32;32;32;32;64;32;64;32;32;32;32;32;32;32;32;64;128;64;64;32;64;128;32;32;32;32;32;64;32;32;32;32;32;32;32;32;128;128;32;32;32;128;32;64;128;64;128;32;32;32;32;128;32;64;64;32;64;64;32;32;32;128;32;32;32;64;128;32;64;32;64;256;32;32;128;32;128;64;64;64;32;64;64;32;128;32,1000000,0.16916865299999997,5911260.6399957575
f410f7064c081e00,b9d01f8835b06ae01fb0,11.4.0,-std=c++11 -O3 -march=native -DNDEBUG,dynamic_screening,37,0,1000000,1000000,0.99,0.95,0.05,0.2,500000,32,8,ORACLE-ZERO-COST,64;64,1000000,0.237577378,4209154.964240745
f410f7064c081e00,b9d01f8835b06ae01fb0,11.4.0,-std=c++11 -O3 -march=native -DNDEBUG,dynamic_screening,11,0,1000000,1000000,0.99,0.95,0.05,0.2,100000,32,8,ORACLE-ZERO-COST,128;64;128;128;128;128;128;128;128;128,1000000,0.242609041,4121857.931914417
f410f7064c081e00,b9d01f8835b06ae01fb0,11.4.0,-std=c++11 -O3 -march=native -DNDEBUG,dynamic_screening,71,0,1000000,1000000,0.99,0.95,0.05,0.2,10000,32,8,ORACLE-ZERO-COST,64;64;128;128;128;128;128;128;128;128;128;64;128;256;128;128;64;128;256;128;128;64;128;128;128;64;128;128;128;128;256;128;128;256;128;128;64;32;128;128;128;64;128;256;128;128;64;128;256;128;128;64;128;256;256;64;128;128;128;128;128;128;128;256;128;128;128;128;128;128;256;64;128;128;64;128;128;128;256;128;128;128;128;256;128;128;128;128;128;128;128;64;64;128;128;128;128;128;128;128,1000000,0.272259324,3672968.7905931915
f410f7064c081e00,b9d01f8835b06ae01fb0,11.4.0,-std=c++11 -O3 -march=native -DNDEBUG,dynamic_screening,23,0,1000000,1000000,0.8,0.95,0.05,0.05,10000,32,8,ORACLE-ZERO-COST,128;256;128;128;128;128;128;128;64;64;128;128;128;128;128;128;128;256;32;32;256;256;256;32;64;256;256;256;64;64;256;256;256;64;64;256;256;256;64;64;256;256;256;32;64;64;128;256;128;128;128;128;128;32;64;128;128;128;128;128;128;128;128;128;64;128;256;256;128;128;128;128;128;128;64;128;128;128;128;128;128;128;128;128;64;128;64;32;128;64;64;128;128;128;128;128;128;128;128;128,1000000,0.26932682399999996,3712961.0231471043
f410f7064c081e00,b9d01f8835b06ae01fb0,11.4.0,-std=c++11 -O3 -march=native -DNDEBUG,dynamic_screening,53,0,1000000,1000000,0.8,0.95,0.05,0.01,500000,32,8,ORACLE-ZERO-COST,128;32,1000000,0.156197992,6402130.956971585
f410f7064c081e00,b9d01f8835b06ae01fb0,11.4.0,-std=c++11 -O3 -march=native -DNDEBUG,dynamic_screening,53,0,1000000,1000000,0.99,0.95,0.05,0.05,10000,32,8,ORACLE-ZERO-COST,128;128;128;128;128;128;128;128;32;64;128;128;256;128;64;64;64;256;128;64;128;128;128;128;64;128;128;256;128;64;128;128;128;128;64;64;128;128;32;64;128;128;128;128;64;128;128;128;128;64;128;128;128;128;64;128;128;128;128;64;128;128;256;128;64;128;128;128;128;64;64;128;128;128;64;128;128;128;128;64;128;128;256;128;64;256;128;128;128;64;128;128;256;32;64;128;128;128;128;64,1000000,0.21803901299999998,4586335.198646309
f410f7064c081e00,b9d01f8835b06ae01fb0,11.4.0,-std=c++11 -O3 -march=native -DNDEBUG,dynamic_screening,11,0,1000000,1000000,1.2,0.95,0.05,0.2,500000,32,8,ORACLE-ZERO-COST,128;64,1000000,0.160297442,6238402.7313423995
f410f7064c081e00,b9d01f8835b06ae01fb0,11.4.0,-std=c++11 -O3 -march=native -DNDEBUG,dynamic_screening,11,0,1000000,1000000,0.8,0.95,0.05,0.2,500000,32,8,ORACLE-ZERO-COST,128;128,1000000,0.313223931,3192604.0797949117
f410f7064c081e00,b9d01f8835b06ae01fb0,11.4.0,-std=c++11 -O3 -march=native -DNDEBUG,dynamic_screening,11,0,1000000,1000000,1.2,0.95,0.05,0.05,10000,32,8,ORACLE-ZERO-COST,128;128;128;128;64;128;128;256;128;32;256;128;256;128;64;128;128;256;128;64;128;128;128;128;32;128;128;256;128;64;256;128;256;32;64;128;128;256;128;64;128;128;256;128;128;128;128;256;128;32;128;128;128;128;64;128;128;256;128;32;128;128;256;128;64;128;128;256;128;64;32;128;32;32;64;128;128;256;128;32;128;128;256;128;64;128;128;32;128;64;128;128;256;128;64;128;128;128;128;64,1000000,0.16620729699999998,6016583.014402792
f410f7064c081e00,b9d01f8835b06ae01fb0,11.4.0,-std=c++11 -O3 -march=native -DNDEBUG,dynamic_screening,37,0,1000000,1000000,0.99,0.95,0.05,0.05,10000,32,8,ORACLE-ZERO-COST,128;128;128;128;32;64;64;256;128;128;128;128;256;32;64;128;128;128;128;64;128;128;128;128;128;128;128;256;32;64;256;128;64;64;64;128;128;256;128;128;128;128;128;128;64;64;128;128;128;64;256;128;256;128;64;64;128;128;128;64;128;128;32;128;64;256;128;256;32;32;256;128;256;128;64;64;128;128;128;64;128;64;64;32;64;32;64;256;128;64;256;128;256;32;64;32;64;256;32;64,1000000,0.22229663699999994,4498493.605191158
f410f7064c081e00,b9d01f8835b06ae01fb0,11.4.0,-std=c++11 -O3 -march=native -DNDEBUG,dynamic_screening,53,0,1000000,1000000,0.8,0.95,0.05,0.05,100000,32,8,ORACLE-ZERO-COST,64;64;256;128;64;64;64;64;128;64,1000000,0.228021536,4385550.670091092
f410f7064c081e00,b9d01f8835b06ae01fb0,11.4.0,-std=c++11 -O3 -march=native -DNDEBUG,dynamic_screening,23,0,1000000,1000000,0.8,0.95,0.05,0.01,10000,32,8,ORACLE-ZERO-COST,128;128;32;32;64;128;32;32;32;32;32;32;32;32;32;128;64;32;32;32;64;32;32;16;32;128;32;32;32;32;128;32;32;64;32;32;16;32;32;64;32;64;32;32;32;64;32;32;32;32;128;32;64;32;64;64;32;64;64;32;256;32;32;32;32;128;64;32;64;32;64;32;32;32;32;128;32;32;32;64;32;32;64;32;32;32;32;32;32;32;32;32;32;32;32;64;32;32;32;32,1000000,0.186111676,5373118.019742082
f410f7064c081e00,b9d01f8835b06ae01fb0,11.4.0,-std=c++11 -O3 -march=native -DNDEBUG,dynamic_screening,71,0,1000000,1000000,0.99,0.95,0.05,0.2,100000,32,8,ORACLE-ZERO-COST,128;64;128;256;128;128;64;128;128;64,1000000,0.243751929,4102531.6357598957
f410f7064c081e00,b9d01f8835b06ae01fb0,11.4.0,-std=c++11 -O3 -march=native -DNDEBUG,dynamic_screening,37,0,1000000,1000000,0.8,0.95,0.05,0.05,500000,32,8,ORACLE-ZERO-COST,128;128,1000000,0.217791607,4591545.164548053
f410f7064c081e00,b9d01f8835b06ae01fb0,11.4.0,-std=c++11 -O3 -march=native -DNDEBUG,dynamic_screening,37,0,1000000,1000000,0.99,0.95,0.05,0.01,10000,32,8,ORACLE-ZERO-COST,128;32;32;32;32;128;32;64;32;64;32;32;32;32;32;128;64;64;64;32;64;64;32;32;32;32;32;32;32;32;128;32;32;32;64;256;32;32;32;32;32;64;64;64;32;64;64;64;32;32;128;32;32;32;32;128;32;64;32;64;256;32;32;32;32;32;64;32;32;32;64;32;32;32;32;32;32;32;32;64;128;32;32;32;64;128;32;32;128;32;128;64;32;32;32;64;32;32;32;32,1000000,0.16946767699999998,5900830.2804551935
f410f7064c081e00,b9d01f8835b06ae01fb0,11.4.0,-std=c++11 -O3 -march=native -DNDEBUG,dynamic_screening,23,0,1000000,1000000,0.99,0.95,0.05,0.2,100000,32,8,ORACLE-ZERO-COST,128;64;128;128;128;128;64;128;128;256,1000000,0.24306279199999997,4114163.2241268754
f410f7064c081e00,b9d01f8835b06ae01fb0,11.4.0,-std=c++11 -O3 -march=native -DNDEBUG,dynamic_screening,53,0,1000000,1000000,0.8,0.95,0.05,0.01,10000,32,8,ORACLE-ZERO-COST,256;32;32;32;32;128;32;64;64;32;32;64;32;128;32;128;64;64;32;32;64;64;32;32;32;128;32;32;32;32;128;32;64;32;32;128;64;32;128;32;32;64;32;32;32;64;32;32;64;64;128;32;64;128;64;128;32;64;32;32;256;32;32;32;32;128;128;32;64;32;64;64;32;32;32;128;32;32;32;64;128;128;32;32;32;256;32;32;32;32;128;32;32;32;32;128;128;32;32;32,1000000,0.18713994100000003,5343594.716640419
f410f7064c081e00,b9d01f8835b06ae01fb0,11.4.0,-std=c++11 -O3 -march=native -DNDEBUG,dynamic_screening,11,0,1000000,1000000,0.8,0.95,0.05,0.05,100000,32,8,ORACLE-ZERO-COST,64;64;128;128;64;64;128;128;128;64,1000000,0.22495224900000002,4445387.874295047
f410f7064c081e00,b9d01f8835b06ae01fb0,11.4.0,-std=c++11 -O3 -march=native -DNDEBUG,dynamic_screening,37,0,1000000,1000000,1.2,0.95,0.05,0.01,100000,32,8,ORACLE-ZERO-COST,128;128;32;32;32;128;32;32;64;64,1000000,0.13551634599999998,7379183.615237088
f410f7064c081e00,b9d01f8835b06ae01fb0,11.4.0,-std=c++11 -O3 -march=native -DNDEBUG,dynamic_screening,53,0,1000000,1000000,1.2,0.95,0.05,0.05,500000,32,8,ORACLE-ZERO-COST,128;128,1000000,0.13996862399999999,7144458.318029905
f410f7064c081e00,b9d01f8835b06ae01fb0,11.4.0,-std=c++11 -O3 -march=native -DNDEBUG,dynamic_screening,11,0,1000000,1000000,0.99,0.95,0.05,0.01,10000,32,8,ORACLE-ZERO-COST,32;32;32;32;32;128;32;64;128;32;32;32;32;32;64;128;64;32;32;32;64;64;32;32;16;64;32;32;32;32;128;32;32;32;32;32;32;32;32;32;32;64;32;32;32;64;64;32;32;16;128;32;32;32;32;128;32;64;32;32;32;32;32;32;32;128;64;32;32;32;64;32;32;32;32;128;32;32;32;32;256;32;64;128;64;32;32;32;32;32;128;32;32;32;32;64;64;32;32;32,1000000,0.16807094699999997,5949868.301747596
f410f7064c081e00,b9d01f8835b06ae01fb0,11.4.0,-std=c++11 -O3 -march=native -DNDEBUG,dynamic_screening,37,0,1000000,1000000,1.2,0.95,0.05,0.01,10000,32,8,ORACLE-ZERO-COST,64;32;32;32;32;64;32;64;32;64;256;32;32;128;32;32;64;64;64;32;64;32;32;32;32;256;32;32;32;32;128;16;64;32;32;256;32;32;128;64;128;64;64;128;64;64;256;64;16;32;128;32;16;32;32;128;32;32;32;64;256;16;32;128;32;32;64;32;32;32;64;256;32;16;32;128;32;32;32;32;128;32;64;128;64;256;32;32;128;32;128;32;64;128;32;64;64;32;16;32,1000000,0.149369758,6694795.609162064
f410f7064c081e00,b9d01f8835b06ae01fb0,11.4.0,-std=c++11 -O3 -march=native -DNDEBUG,dynamic_screening,11,0,1000000,1000000,0.8,0.95,0.05,0.2,10000,32,8,ORACLE-ZERO-COST,64;128;128;128;128;128;128;128;256;128;256;128;128;256;256;128;128;128;256;128;64;128;256;256;256;128;128;128;256;128;256;64;128;128;256;128;128;128;256;128;128;64;64;256;256;256;64;128;128;128;128;64;64;256;128;256;128;128;128;128;128;128;128;128;128;256;64;128;128;128;256;64;128;64;128;128;128;128;256;256;128;128;128;64;256;128;64;128;128;128;256;64;128;256;256;256;64;64;256;256,1000000,0.3612275910000002,2768337.815036946
f410f7064c081e00,b9d01f8835b06ae01fb0,11.4.0,-std=c++11 -O3 -march=native -DNDEBUG,dynamic_screening,71,0,1000000,1000000,0.99,0.95,0.05,0.01,100000,32,8,ORACLE-ZERO-COST,32;32;32;32;32;128;32;64;32;32,1000000,0.15242960500000002,6560405.375320626
f410f7064c081e00,b9d01f8835b06ae01fb0,11.4.0,-std=c++11 -O3 -march=native -DNDEBUG,dynamic_screening,53,0,1000000,1000000,1.2,0.95,0.05,0.2,500000,32,8,ORACLE-ZERO-COST,64;64,1000000,0.162322313,6160582.4949032115
f410f7064c081e00,b9d01f8835b06ae01fb0,11.4.0,-std=c++11 -O3 -march=native -DNDEBUG,dynamic_screening,23,0,1000000,1000000,1.2,0.95,0.05,0.01,500000,32,8,ORACLE-ZERO-COST,256;128,1000000,0.13170031199999999,7592996.438763184
f410f7064c081e00,b9d01f8835b06ae01fb0,11.4.0,-std=c++11 -O3 -march=native -DNDEBUG,dynamic_screening,23,0,1000000,1000000,1.2,0.95,0.05,0.05,500000,32,8,ORACLE-ZERO-COST,128;128,1000000,0.146678305,6817640.8228878835
f410f7064c081e00,b9d01f8835b06ae01fb0,11.4.0,-std=c++11 -O3 -march=native -DNDEBUG,dynamic_screening,11,0,1000000,1000000,0.8,0.95,0.05,0.05,500000,32,8,ORACLE-ZERO-COST,64;32,1000000,0.220298781,4539289.756669149
f410f7064c081e00,b9d01f8835b06ae01fb0,11.4.0,-std=c++11 -O3 -march=native -DNDEBUG,dynamic_screening,37,0,1000000,1000000,1.2,0.95,0.05,0.05,10000,32,8,ORACLE-ZERO-COST,128;128;128;16;64;128;128;128;128;32;128;128;128;128;64;128;128;128;128;64;128;128;32;128;32;128;128;256;128;64;128;64;32;64;64;128;128;32;128;32;128;128;128;128;64;128;128;128;128;128;128;128;128;32;64;128;128;128;128;64;128;128;256;32;32;128;128;256;32;64;128;128;32;32;64;128;128;32;128;64;128;128;128;128;64;128;128;128;128;64;256;128;256;32;64;128;128;256;128;64,1000000,0.1677359049999999,5961752.792283802
f410f7064c081e00,b9d01f8835b06ae01fb0,11.4.0,-std=c++11 -O3 -march=native -DNDEBUG,dynamic_screening,71,0,1000000,1000000,0.8,0.95,0.05,0.01,100000,32,8,ORACLE-ZERO-COST,128;128;128;32;32;128;32;32;128;32,1000000,0.16737496799999999,5974609.05862578
f410f7064c081e00,b9d01f8835b06ae01fb0,11.4.0,-std=c++11 -O3 -march=native -DNDEBUG,dynamic_screening,11,0,1000000,1000000,0.99,0.95,0.05,0.05,10000,32,8,ORACLE-ZERO-COST,64;128;32;128;64;128;128;256;128;64;128;128;256;128;64;64;128;128;128;64;128;128;256;128;64;128;128;256;128;128;128;128;256;128;64;128;128;32;128;64;128;128;256;128;64;128;128;256;64;64;128;128;128;128;64;128;128;128;128;64;128;128;128;128;64;128;128;128;128;64;128;128;128;128;64;128;128;128;128;128;128;128;128;128;128;128;128;128;32;64;256;64;256;128;64;128;128;128;128;64,1000000,0.218619408,4574159.307942139
f410f7064c081e00,b9d01f8835b06ae01fb0,11.4.0,-std=c++11 -O3 -march=native -DNDEBUG,dynamic_screening,23,0,1000000,1000000,0.8,0.95,0.05,0.01,500000,32,8,ORACLE-ZERO-COST,32;32,1000000,0.15809048399999998,6325491.41920522
f410f7064c081e00,b9d01f8835b06ae01fb0,11.4.0,-std=c++11 -O3 -march=native -DNDEBUG,dynamic_screening,23,0,1000000,1000000,0.99,0.95,0.05,0.05,500000,32,8,ORACLE-ZERO-COST,64;128,1000000,0.185154357,5400899.099555081
f410f7064c081e00,b9d01f8835b06ae01fb0,11.4.0,-std=c++11 -O3 -march=native -DNDEBUG,dynamic_screening,53,0,1000000,1000000,0.99,0.95,0.05,0.01,10000,32,8,ORACLE-ZERO-COST,128;32;32;32;32;128;32;64;128;64;256;64;16;128;32;128;64;128;128;32;64;64;32;16;16;32;32;32;32;32;128;32;32;128;32;32;32;32;128;32;128;64;32;32;32;128;32;32;32;32;32;32;32;32;32;128;32;32;32;32;128;32;32;128;32;128;32;32;128;32;128;256;32;32;32;64;32;32;32;32;128;32;64;128;32;32;32;32;32;32;32;64;32;32;32;64;32;32;32;16,1000000,0.16975293100000005,5890914.484416176
f410f7064c081e00,b9d01f8835b06ae01fb0,11.4.0,-std=c++11 -O3 -march=native -DNDEBUG,dynamic_screening,53,0,1000000,1000000,0.99,0.95,0.05,0.01,500000,32,8,ORACLE-ZERO-COST,128;32,1000000,0.146024933,6848145.5834669005
f410f7064c081e00,b9d01f8835b06ae01fb0,11.4.0,-std=c++11 -O3 -march=native -DNDEBUG,dynamic_screening,11,0,1000000,1000000,0.8,0.95,0.05,0.01,10000,32,8,ORACLE-ZERO-COST,128;32;32;32;64;128;32;32;32;32;32;32;32;32;32;128;32;32;32;32;32;64;32;128;32;32;32;32;32;128;128;32;32;64;64;256;32;32;32;128;128;64;32;32;32;64;64;32;128;32;32;32;32;128;32;128;32;64;64;32;128;32;32;32;32;32;64;32;16;32;32;32;32;32;32;128;32;32;32;32;128;32;32;32;32;128;32;32;128;32;128;32;32;32;32;64;32;32;32;32,1000000,0.186318231,5367161.305862763
f410f7064c081e00,b9d01f8835b06ae01fb0,11.4.0,-std=c++11 -O3 -march=native -DNDEBUG,dynamic_screening,71,0,1000000,1000000,1.2,0.95,0.05,0.2,10000,32,8,ORACLE-ZERO-COST,128;64;128;128;128;128;64;128;256;64;128;64;128;256;128;128;64;128;256;128;128;64;128;128;128;128;64;128;128;128;128;64;128;128;128;128;64;128;256;128;128;64;128;128;128;128;64;128;128;128;128;64;128;256;128;128;64;128;128;128;128;64;128;256;32;128;128;128;256;128;128;64;128;256;128;128;64;128;256;128;128;64;128;256;128;256;64;128;128;128;256;64;128;256;128;128;64;32;256;128,1000000,0.18178322499999994,5501057.647095877
f410f7064c081e00,b9d01f8835b06ae01fb0,11.4.0,-std=c++11 -O3 -march=native -DNDEBUG,dynamic_screening,37,0,1000000,1000000,0.8,0.95,0.05,0.2,500000,32,8,ORACLE-ZERO-COST,128;128,1000000,0.30657085,3261888.728168383
f410f7064c081e00,b9d01f8835b06ae01fb0,11.4.0,-std=c++11 -O3 -march=native -DNDEBUG,dynamic_screening,37,0,1000000,1000000,1.2,0.95,0.05,0.05,500000,32,8,ORACLE-ZERO-COST,128;128,1000000,0.140720471,7106286.618384044
f410f7064c081e00,b9d01f8835b06ae01fb0,11.4.0,-std=c++11 -O3 -march=native -DNDEBUG,dynamic_screening,11,0,1000000,1000000,1.2,0.95,0.05,0.01,100000,32,8,ORACLE-ZERO-COST,128;32;32;32;32;128;32;32;32;32,1000000,0.13356777999999997,7486835.522758559
f410f7064c081e00,b9d01f8835b06ae01fb0,11.4.0,-std=c++11 -O3 -march=native -DNDEBUG,dynamic_screening,71,0,1000000,1000000,1.2,0.95,0.05,0.01,100000,32,8,ORACLE-ZERO-COST,128;32;16;16;32;128;16;32;128;32,1000000,0.138807591,7204216.950930298
f410f7064c081e00,b9d01f8835b06ae01fb0,11.4.0,-std=c++11 -O3 -march=native -DNDEBUG,dynamic_screening,71,0,1000000,1000000,0.8,0.95,0.05,0.05,100000,32,8,ORACLE-ZERO-COST,128;64;64;128;64;64;256;256;128;128,1000000,0.229756693,4352430.333770516
f410f7064c081e00,b9d01f8835b06ae01fb0,11.4.0,-std=c++11 -O3 -march=native -DNDEBUG,dynamic_screening,71,0,1000000,1000000,0.99,0.95,0.05,0.05,500000,32,8,ORACLE-ZERO-COST,128;64,1000000,0.186145644,5372137.529041507
f410f7064c081e00,b9d01f8835b06ae01fb0,11.4.0,-std=c++11 -O3 -march=native -DNDEBUG,dynamic_screening,71,0,1000000,1000000,1.2,0.95,0.05,0.01,500000,32,8,ORACLE-ZERO-COST,128;32,1000000,0.12778288799999998,7825773.980002707
f410f7064c081e00,b9d01f8835b06ae01fb0,11.4.0,-std=c++11 -O3 -march=native -DNDEBUG,dynamic_screening,23,0,1000000,1000000,0.99,0.95,0.05,0.05,100000,32,8,ORACLE-ZERO-COST,128;64;256;32;64;64;128;32;32;64,1000000,0.19241731600000003,5197037.464133425
f410f7064c081e00,b9d01f8835b06ae01fb0,11.4.0,-std=c++11 -O3 -march=native -DNDEBUG,dynamic_screening,37,0,1000000,1000000,0.8,0.95,0.05,0.01,100000,32,8,ORACLE-ZERO-COST,128;32;32;128;64;128;128;64;32;64,1000000,0.16907688999999998,5914468.854968885
f410f7064c081e00,b9d01f8835b06ae01fb0,11.4.0,-std=c++11 -O3 -march=native -DNDEBUG,dynamic_screening,23,0,1000000,1000000,0.99,0.95,0.05,0.2,500000,32,8,ORACLE-ZERO-COST,256;128,1000000,0.24244875300000002,4124582.979397712
f410f7064c081e00,b9d01f8835b06ae01fb0,11.4.0,-std=c++11 -O3 -march=native -DNDEBUG,dynamic_screening,23,0,1000000,1000000,1.2,0.95,0.05,0.2,500000,32,8,ORACLE-ZERO-COST,128;128,1000000,0.16325057399999998,6125552.734656848
f410f7064c081e00,b9d01f8835b06ae01fb0,11.4.0,-std=c++11 -O3 -march=native -DNDEBUG,dynamic_screening,53,0,1000000,1000000,1.2,0.95,0.05,0.05,100000,32,8,ORACLE-ZERO-COST,64;128;32;128;64;128;128;32;32;64,1000000,0.155099115,6447490.045317151
f410f7064c081e00,b9d01f8835b06ae01fb0,11.4.0,-std=c++11 -O3 -march=native -DNDEBUG,dynamic_screening,23,0,1000000,1000000,1.2,0.95,0.05,0.2,100000,32,8,ORACLE-ZERO-COST,256;64;32;128;128;128;32;128;128;128,1000000,0.170942844,5849908.522640468
f410f7064c081e00,b9d01f8835b06ae01fb0,11.4.0,-std=c++11 -O3 -march=native -DNDEBUG,dynamic_screening,23,0,1000000,1000000,1.2,0.95,0.05,0.2,10000,32,8,ORACLE-ZERO-COST,128;64;32;256;32;128;64;128;256;128;128;32;128;256;128;128;64;128;128;128;128;64;128;128;128;128;64;128;256;128;128;64;32;256;32;256;64;32;256;32;256;64;128;256;128;256;64;128;128;128;128;64;128;256;128;128;64;32;128;128;128;64;32;128;128;128;64;128;128;128;128;64;128;256;128;256;64;32;256;128;128;64;128;256;32;64;64;128;256;128;128;64;128;256;128;128;64;128;128;64,1000000,0.18415501700000012,5430207.747204625
f410f7064c081e00,b9d01f8835b06ae01fb0,11.4.0,-std=c++11 -O3 -march=native -DNDEBUG,dynamic_screening,37,0,1000000,1000000,1.2,0.95,0.05,0.05,100000,32,8,ORACLE-ZERO-COST,128;128;128;128;64;128;128;256;32;64,1000000,0.151946239,6581275.1048086155
f410f7064c081e00,b9d01f8835b06ae01fb0,11.4.0,-std=c++11 -O3 -march=native -DNDEBUG,dynamic_screening,71,0,1000000,1000000,0.8,0.95,0.05,0.05,10000,32,8,ORACLE-ZERO-COST,64;256;256;128;128;256;256;128;32;128;128;256;256;128;128;256;256;128;128;64;128;128;128;128;128;128;128;128;128;64;128;64;128;128;128;128;128;128;128;64;128;128;256;128;128;128;128;256;128;64;64;128;256;32;128;128;256;256;128;64;64;128;128;128;128;128;128;128;128;128;256;128;128;128;64;128;256;256;128;64;128;256;256;128;64;256;256;256;128;64;256;256;128;128;64;128;256;256;128;128,1000000,0.26715471200000007,3743149.400262121
f410f7064c081e00,b9d01f8835b06ae01fb0,11.4.0,-std=c++11 -O3 -march=native -DNDEBUG,dynamic_screening,71,0,1000000,1000000,0.8,0.95,0.05,0.2,100000,32,8,ORACLE-ZERO-COST,256;128;128;128;128;128;128;128;128;128,1000000,0.323181412,3094237.3628839767
f410f7064c081e00,b9d01f8835b06ae01fb0,11.4.0,-std=c++11 -O3 -march=native -DNDEBUG,dynamic_screening,11,0,1000000,1000000,0.8,0.95,0.05,0.05,10000,32,8,ORACLE-ZERO-COST,128;256;256;128;128;128;128;128;128;128;128;256;256;128;128;128;128;128;128;64;256;128;128;128;128;128;128;128;128;128;128;256;128;128;128;128;128;128;128;64;256;128;128;128;128;128;128;128;128;128;128;128;128;128;64;128;128;128;128;128;128;128;256;128;64;128;128;128;128;128;128;128;256;128;64;128;128;256;128;128;128;64;128;128;128;128;128;128;128;128;128;128;128;128;64;128;128;128;128;64,1000000,0.264740555,3777283.00826445
