machine,source_id,compiler,compiler_version,compiler_flags,cpu_model,environment,experiment_family,records,operations,zipf,reads,updates,hot_fraction,phase_length,sample_rate,segments,fanout,variant,n,mean_ops_sec,median_ops_sec,sample_sd_ops_sec,ci95_halfwidth_ops_sec,cv
f410f7064c081e00,b9d01f8835b06ae01fb0,GCC,11.4.0,-std=c++11 -O3 -march=native -DNDEBUG,Intel(R) Xeon(R) CPU @ 2.20GHz,kaggle,dynamic_perfect_borderline,1000000,1000000,0.99,0.95,0.05,0.05,500000,32,8,64,PERFECT-V1,50,1255450.2001951798,1256314.80545631,15347.172418686601,4254.019158202637,0.012224437429936001
f410f7064c081e00,b9d01f8835b06ae01fb0,GCC,11.4.0,-std=c++11 -O3 -march=native -DNDEBUG,Intel(R) Xeon(R) CPU @ 2.20GHz,kaggle,dynamic_perfect_borderline,1000000,1000000,0.99,0.95,0.05,0.05,500000,32,8,64,PERFECT-V2,50,3517822.521234935,3529240.0030411053,53913.89467631082,14944.169166112299,0.015325927999740103
f410f7064c081e00,b9d01f8835b06ae01fb0,GCC,11.4.0,-std=c++11 -O3 -march=native -DNDEBUG,Intel(R) Xeon(R) CPU @ 2.20GHz,kaggle,dynamic_perfect_high,1000000,1000000,0.8,0.95,0.05,0.05,10000,32,8,64,PERFECT-V1,50,23646.09701104627,22564.870292708853,2494.933327412744,691.5602355733722,0.10551142229718656
f410f7064c081e00,b9d01f8835b06ae01fb0,GCC,11.4.0,-std=c++11 -O3 -march=native -DNDEBUG,Intel(R) Xeon(R) CPU @ 2.20GHz,kaggle,dynamic_perfect_high,1000000,1000000,0.8,0.95,0.05,0.05,10000,32,8,64,PERFECT-V2,50,238930.52949833946,229938.3759978645,26405.93781237176,7319.352534761589,0.11051721966135467
f410f7064c081e00,b9d01f8835b06ae01fb0,GCC,11.4.0,-std=c++11 -O3 -march=native -DNDEBUG,Intel(R) Xeon(R) CPU @ 2.20GHz,kaggle,dynamic_perfect_zero,1000000,1000000,1.2,0.95,0.05,0.2,500000,32,8,64,PERFECT-V1,50,798612.0010390829,800746.2429215055,9683.975175345277,2684.2609700089015,0.012126007576577048
f410f7064c081e00,b9d01f8835b06ae01fb0,GCC,11.4.0,-std=c++11 -O3 -march=native -DNDEBUG,Intel(R) Xeon(R) CPU @ 2.20GHz,kaggle,dynamic_perfect_zero,1000000,1000000,1.2,0.95,0.05,0.2,500000,32,8,64,PERFECT-V2,50,3073672.17298851,3076822.73281468,47617.04930583655,13198.772677986473,0.015491908904370506
f410f7064c081e00,b9d01f8835b06ae01fb0,GCC,11.4.0,-std=c++11 -O3 -march=native -DNDEBUG,Intel(R) Xeon(R) CPU @ 2.20GHz,kaggle,dynamic_selected_borderline,1000000,1000000,0.99,0.95,0.05,0.05,500000,16,8,64,ADAPT-V1,50,2282327.235081522,2275598.189810785,83751.04589410641,23214.605533409853,0.036695459181651895
f410f7064c081e00,b9d01f8835b06ae01fb0,GCC,11.4.0,-std=c++11 -O3 -march=native -DNDEBUG,Intel(R) Xeon(R) CPU @ 2.20GHz,kaggle,dynamic_selected_borderline,1000000,1000000,0.99,0.95,0.05,0.05,500000,16,8,64,ADAPT-V2,50,4889170.960154968,4909856.861588245,109338.70243234755,30307.142070931994,0.02236344429831145
f410f7064c081e00,b9d01f8835b06ae01fb0,GCC,11.4.0,-std=c++11 -O3 -march=native -DNDEBUG,Intel(R) Xeon(R) CPU @ 2.20GHz,kaggle,dynamic_selected_borderline,1000000,1000000,0.99,0.95,0.05,0.05,500000,16,8,64,STATIC-REGIONAL,50,5629304.743184586,5629877.762030235,83795.41251824933,23226.90333419946,0.01488557048180784
f410f7064c081e00,b9d01f8835b06ae01fb0,GCC,11.4.0,-std=c++11 -O3 -march=native -DNDEBUG,Intel(R) Xeon(R) CPU @ 2.20GHz,kaggle,dynamic_selected_borderline,1000000,1000000,0.99,0.95,0.05,0.05,500000,32,8,64,ADAPT-V1,50,2989000.531291075,2999698.9097773,96224.65224865274,26672.112815957167,0.03219291908492544
f410f7064c081e00,b9d01f8835b06ae01fb0,GCC,11.4.0,-std=c++11 -O3 -march=native -DNDEBUG,Intel(R) Xeon(R) CPU @ 2.20GHz,kaggle,dynamic_selected_borderline,1000000,1000000,0.99,0.95,0.05,0.05,500000,32,8,64,ADAPT-V2,50,4974999.125621604,4991445.293663105,78209.16681901718,21678.47502580137,0.015720438304448
f410f7064c081e00,b9d01f8835b06ae01fb0,GCC,11.4.0,-std=c++11 -O3 -march=native -DNDEBUG,Intel(R) Xeon(R) CPU @ 2.20GHz,kaggle,dynamic_selected_borderline,1000000,1000000,0.99,0.95,0.05,0.05,500000,32,8,64,STATIC-REGIONAL,50,5626503.937234411,5624874.91621831,109159.21716814533,30257.39129393534,0.01940089590016358
f410f7064c081e00,b9d01f8835b06ae01fb0,GCC,11.4.0,-std=c++11 -O3 -march=native -DNDEBUG,Intel(R) Xeon(R) CPU @ 2.20GHz,kaggle,dynamic_selected_borderline,1000000,1000000,0.99,0.95,0.05,0.05,500000,64,8,64,ADAPT-V1,50,3449357.8816625183,3461845.7875078497,70770.55839455861,19616.597965667166,0.02051702398605525
f410f7064c081e00,b9d01f8835b06ae01fb0,GCC,11.4.0,-std=c++11 -O3 -march=native -DNDEBUG,Intel(R) Xeon(R) CPU @ 2.20GHz,kaggle,dynamic_selected_borderline,1000000,1000000,0.99,0.95,0.05,0.05,500000,64,8,64,ADAPT-V2,50,5033203.8930669,5030835.01385665,83112.6296735765,23037.645585417427,0.01651286763646946
f410f7064c081e00,b9d01f8835b06ae01fb0,GCC,11.4.0,-std=c++11 -O3 -march=native -DNDEBUG,Intel(R) Xeon(R) CPU @ 2.20GHz,kaggle,dynamic_selected_borderline,1000000,1000000,0.99,0.95,0.05,0.05,500000,64,8,64,STATIC-REGIONAL,50,5658022.300424114,5672248.481112044,90378.4152745753,25051.618602910043,0.015973499303422806
f410f7064c081e00,b9d01f8835b06ae01fb0,GCC,11.4.0,-std=c++11 -O3 -march=native -DNDEBUG,Intel(R) Xeon(R) CPU @ 2.20GHz,kaggle,dynamic_selected_high,1000000,1000000,0.8,0.95,0.05,0.05,10000,16,8,64,ADAPT-V1,50,2715592.4395270143,2721784.37529431,36515.186984676715,10121.493442598588,0.013446490148218528
f410f7064c081e00,b9d01f8835b06ae01fb0,GCC,11.4.0,-std=c++11 -O3 -march=native -DNDEBUG,Intel(R) Xeon(R) CPU @ 2.20GHz,kaggle,dynamic_selected_high,1000000,1000000,0.8,0.95,0.05,0.05,10000,16,8,64,ADAPT-V2,50,3411756.0019084834,3420223.745302775,43289.26964057942,11999.173357262925,0.012688266574855903
f410f7064c081e00,b9d01f8835b06ae01fb0,GCC,11.4.0,-std=c++11 -O3 -march=native -DNDEBUG,Intel(R) Xeon(R) CPU @ 2.20GHz,kaggle,dynamic_selected_high,1000000,1000000,0.8,0.95,0.05,0.05,10000,16,8,64,STATIC-REGIONAL,50,3726400.0851040483,3734419.68216215,44915.38188821145,12449.9086761932,0.012053290270080414
f410f7064c081e00,b9d01f8835b06ae01fb0,GCC,11.4.0,-std=c++11 -O3 -march=native -DNDEBUG,Intel(R) Xeon(R) CPU @ 2.20GHz,kaggle,dynamic_selected_high,1000000,1000000,0.8,0.95,0.05,0.05,10000,32,8,64,ADAPT-V1,50,2983978.1032324606,2984388.306702775,30099.68556545244,8343.20717576639,0.010087100013517623
f410f7064c081e00,b9d01f8835b06ae01fb0,GCC,11.4.0,-std=c++11 -O3 -march=native -DNDEBUG,Intel(R) Xeon(R) CPU @ 2.20GHz,kaggle,dynamic_selected_high,1000000,1000000,0.8,0.95,0.05,0.05,10000,32,8,64,ADAPT-V2,50,3458859.742052384,3467644.9307591254,52043.344539975515,14425.679121219071,0.015046387659851898
f410f7064c081e00,b9d01f8835b06ae01fb0,GCC,11.4.0,-std=c++11 -O3 -march=native -DNDEBUG,Intel(R) Xeon(R) CPU @ 2.20GHz,kaggle,dynamic_selected_high,1000000,1000000,0.8,0.95,0.05,0.05,10000,32,8,64,STATIC-REGIONAL,50,3746005.6273566857,3743948.87862655,27973.541589508968,7753.870133084316,0.0074675652874681055
f410f7064c081e00,b9d01f8835b06ae01fb0,GCC,11.4.0,-std=c++11 -O3 -march=native -DNDEBUG,Intel(R) Xeon(R) CPU @ 2.20GHz,kaggle,dynamic_selected_high,1000000,1000000,0.8,0.95,0.05,0.05,10000,64,8,64,ADAPT-V1,50,3129867.8384626694,3140592.906563505,55055.16053985266,15260.511923961185,0.017590250892796384
f410f7064c081e00,b9d01f8835b06ae01fb0,GCC,11.4.0,-std=c++11 -O3 -march=native -DNDEBUG,Intel(R) Xeon(R) CPU @ 2.20GHz,kaggle,dynamic_selected_high,1000000,1000000,0.8,0.95,0.05,0.05,10000,64,8,64,ADAPT-V2,50,3472401.9010007684,3471392.566778565,41976.96328633899,11635.420594208505,0.012088739864541878
f410f7064c081e00,b9d01f8835b06ae01fb0,GCC,11.4.0,-std=c++11 -O3 -march=native -DNDEBUG,Intel(R) Xeon(R) CPU @ 2.20GHz,kaggle,dynamic_selected_high,1000000,1000000,0.8,0.95,0.05,0.05,10000,64,8,64,STATIC-REGIONAL,50,3729496.993902156,3727364.9189465297,44106.14475599304,12225.599587191597,0.011826298513742728
f410f7064c081e00,b9d01f8835b06ae01fb0,GCC,11.4.0,-std=c++11 -O3 -march=native -DNDEBUG,Intel(R) Xeon(R) CPU @ 2.20GHz,kaggle,dynamic_selected_oracle,1000000,1000000,0.8,0.95,0.05,0.05,10000,32,8,128,STATIC-REGIONAL,5,3843072.91015636,3852844.4884316,40656.76726699615,50473.951180758275,0.010579233914493176
f410f7064c081e00,b9d01f8835b06ae01fb0,GCC,11.4.0,-std=c++11 -O3 -march=native -DNDEBUG,Intel(R) Xeon(R) CPU @ 2.20GHz,kaggle,dynamic_selected_oracle,1000000,1000000,0.8,0.95,0.05,0.05,10000,32,8,16,STATIC-REGIONAL,5,3295512.102138284,3315010.37593275,73659.48057462065,91445.66271360869,0.02235145200250574
f410f7064c081e00,b9d01f8835b06ae01fb0,GCC,11.4.0,-std=c++11 -O3 -march=native -DNDEBUG,Intel(R) Xeon(R) CPU @ 2.20GHz,kaggle,dynamic_selected_oracle,1000000,1000000,0.8,0.95,0.05,0.05,10000,32,8,256,STATIC-REGIONAL,5,3707325.9335465343,3699002.65492956,27653.375089765952,34330.695677250485,0.007459116243203343
f410f7064c081e00,b9d01f8835b06ae01fb0,GCC,11.4.0,-std=c++11 -O3 -march=native -DNDEBUG,Intel(R) Xeon(R) CPU @ 2.20GHz,kaggle,dynamic_selected_oracle,1000000,1000000,0.8,0.95,0.05,0.05,10000,32,8,32,STATIC-REGIONAL,5,3568346.515558164,3559712.40101032,21666.56923735095,26898.286102257767,0.006071879270380176
f410f7064c081e00,b9d01f8835b06ae01fb0,GCC,11.4.0,-std=c++11 -O3 -march=native -DNDEBUG,Intel(R) Xeon(R) CPU @ 2.20GHz,kaggle,dynamic_selected_oracle,1000000,1000000,0.8,0.95,0.05,0.05,10000,32,8,64,STATIC-REGIONAL,5,3678646.474177446,3692749.42240229,26524.471569300724,32929.20153469964,0.007210388863265709
f410f7064c081e00,b9d01f8835b06ae01fb0,GCC,11.4.0,-std=c++11 -O3 -march=native -DNDEBUG,Intel(R) Xeon(R) CPU @ 2.20GHz,kaggle,dynamic_selected_oracle,1000000,1000000,0.8,0.95,0.05,0.05,10000,32,8,8,STATIC-REGIONAL,5,2771917.6469150297,2777827.53947167,37276.6161584945,46277.61208390654,0.013447952250666983
f410f7064c081e00,b9d01f8835b06ae01fb0,GCC,11.4.0,-std=c++11 -O3 -march=native -DNDEBUG,Intel(R) Xeon(R) CPU @ 2.20GHz,kaggle,dynamic_selected_oracle,1000000,1000000,0.99,0.95,0.05,0.05,500000,32,8,128,STATIC-REGIONAL,5,5743124.461573265,5731836.10513941,103231.65168646046,128158.47638140115,0.01797482404868191
f410f7064c081e00,b9d01f8835b06ae01fb0,GCC,11.4.0,-std=c++11 -O3 -march=native -DNDEBUG,Intel(R) Xeon(R) CPU @ 2.20GHz,kaggle,dynamic_selected_oracle,1000000,1000000,0.99,0.95,0.05,0.05,500000,32,8,16,STATIC-REGIONAL,5,4781895.622891055,4820429.34204789,79511.29184578171,98710.4812487351,0.01662756741597603
f410f7064c081e00,b9d01f8835b06ae01fb0,GCC,11.4.0,-std=c++11 -O3 -march=native -DNDEBUG,Intel(R) Xeon(R) CPU @ 2.20GHz,kaggle,dynamic_selected_oracle,1000000,1000000,0.99,0.95,0.05,0.05,500000,32,8,256,STATIC-REGIONAL,5,5485066.6246589655,5556544.09561986,189480.42550321246,235233.3052884423,0.03454478103353821
f410f7064c081e00,b9d01f8835b06ae01fb0,GCC,11.4.0,-std=c++11 -O3 -march=native -DNDEBUG,Intel(R) Xeon(R) CPU @ 2.20GHz,kaggle,dynamic_selected_oracle,1000000,1000000,0.99,0.95,0.05,0.05,500000,32,8,32,STATIC-REGIONAL,5,5231169.29276121,5217065.72315407,46717.579902564044,57998.2375824395,0.008930619004667066
f410f7064c081e00,b9d01f8835b06ae01fb0,GCC,11.4.0,-std=c++11 -O3 -march=native -DNDEBUG,Intel(R) Xeon(R) CPU @ 2.20GHz,kaggle,dynamic_selected_oracle,1000000,1000000,0.99,0.95,0.05,0.05,500000,32,8,64,STATIC-REGIONAL,5,5536369.379843134,5539752.64173492,18854.83448906346,23407.61598856405,0.003405631596350908
f410f7064c081e00,b9d01f8835b06ae01fb0,GCC,11.4.0,-std=c++11 -O3 -march=native -DNDEBUG,Intel(R) Xeon(R) CPU @ 2.20GHz,kaggle,dynamic_selected_oracle,1000000,1000000,0.99,0.95,0.05,0.05,500000,32,8,8,STATIC-REGIONAL,5,4005608.662406654,4012381.40654431,47825.172620014695,59373.27511018089,0.01193955192599377
f410f7064c081e00,b9d01f8835b06ae01fb0,GCC,11.4.0,-std=c++11 -O3 -march=native -DNDEBUG,Intel(R) Xeon(R) CPU @ 2.20GHz,kaggle,dynamic_selected_oracle,1000000,1000000,1.2,0.95,0.05,0.2,500000,32,8,128,STATIC-REGIONAL,5,6244000.09202684,6248164.01605491,26054.668302082075,32345.957249229752,0.004172752709493406
f410f7064c081e00,b9d01f8835b06ae01fb0,GCC,11.4.0,-std=c++11 -O3 -march=native -DNDEBUG,Intel(R) Xeon(R) CPU @ 2.20GHz,kaggle,dynamic_selected_oracle,1000000,1000000,1.2,0.95,0.05,0.2,500000,32,8,16,STATIC-REGIONAL,5,5505383.539106624,5489322.69920515,38241.569128915085,47475.5673665016,0.006946213439494656
f410f7064c081e00,b9d01f8835b06ae01fb0,GCC,11.4.0,-std=c++11 -O3 -march=native -DNDEBUG,Intel(R) Xeon(R) CPU @ 2.20GHz,kaggle,dynamic_selected_oracle,1000000,1000000,1.2,0.95,0.05,0.2,500000,32,8,256,STATIC-REGIONAL,5,5241177.61358012,5389497.35715218,295337.18940311554,366650.76644930657,0.05634939534158965
f410f7064c081e00,b9d01f8835b06ae01fb0,GCC,11.4.0,-std=c++11 -O3 -march=native -DNDEBUG,Intel(R) Xeon(R) CPU @ 2.20GHz,kaggle,dynamic_selected_oracle,1000000,1000000,1.2,0.95,0.05,0.2,500000,32,8,32,STATIC-REGIONAL,5,5791956.344196338,5917097.09110182,186306.59221847687,231293.10253652176,0.03216643585464175
f410f7064c081e00,b9d01f8835b06ae01fb0,GCC,11.4.0,-std=c++11 -O3 -march=native -DNDEBUG,Intel(R) Xeon(R) CPU @ 2.20GHz,kaggle,dynamic_selected_oracle,1000000,1000000,1.2,0.95,0.05,0.2,500000,32,8,64,STATIC-REGIONAL,5,6279746.471547768,6312990.10780333,107773.31086891716,133796.78703088182,0.017162048079045186
f410f7064c081e00,b9d01f8835b06ae01fb0,GCC,11.4.0,-std=c++11 -O3 -march=native -DNDEBUG,Intel(R) Xeon(R) CPU @ 2.20GHz,kaggle,dynamic_selected_oracle,1000000,1000000,1.2,0.95,0.05,0.2,500000,32,8,8,STATIC-REGIONAL,5,4868320.873334622,4901318.63949374,52798.05909062883,65546.93931955805,0.01084522989842781
f410f7064c081e00,b9d01f8835b06ae01fb0,GCC,11.4.0,-std=c++11 -O3 -march=native -DNDEBUG,Intel(R) Xeon(R) CPU @ 2.20GHz,kaggle,dynamic_selected_zero,1000000,1000000,1.2,0.95,0.05,0.2,500000,16,8,64,ADAPT-V1,50,2889784.570968862,2920463.449609245,93863.71918537693,26017.695558600986,0.032481216810534466
f410f7064c081e00,b9d01f8835b06ae01fb0,GCC,11.4.0,-std=c++11 -O3 -march=native -DNDEBUG,Intel(R) Xeon(R) CPU @ 2.20GHz,kaggle,dynamic_selected_zero,1000000,1000000,1.2,0.95,0.05,0.2,500000,16,8,64,ADAPT-V2,50,5447685.762598352,5469141.0638389345,129845.92410571918,35991.453910278426,0.023835061302028424
f410f7064c081e00,b9d01f8835b06ae01fb0,GCC,11.4.0,-std=c++11 -O3 -march=native -DNDEBUG,Intel(R) Xeon(R) CPU @ 2.20GHz,kaggle,dynamic_selected_zero,1000000,1000000,1.2,0.95,0.05,0.2,500000,16,8,64,STATIC-REGIONAL,50,6331721.7178267045,6373147.39254984,156114.87674862726,43272.83609327811,0.024655991483184137
f410f7064c081e00,b9d01f8835b06ae01fb0,GCC,11.4.0,-std=c++11 -O3 -march=native -DNDEBUG,Intel(R) Xeon(R) CPU @ 2.20GHz,kaggle,dynamic_selected_zero,1000000,1000000,1.2,0.95,0.05,0.2,500000,32,8,64,ADAPT-V1,50,3136001.1307582273,3136913.932067275,57415.66914753448,15914.811528229267,0.018308561366383317
f410f7064c081e00,b9d01f8835b06ae01fb0,GCC,11.4.0,-std=c++11 -O3 -march=native -DNDEBUG,Intel(R) Xeon(R) CPU @ 2.20GHz,kaggle,dynamic_selected_zero,1000000,1000000,1.2,0.95,0.05,0.2,500000,32,8,64,ADAPT-V2,50,5506861.706132221,5518515.010311245,130513.08143324836,36176.380486680784,0.023700083350180052
f410f7064c081e00,b9d01f8835b06ae01fb0,GCC,11.4.0,-std=c++11 -O3 -march=native -DNDEBUG,Intel(R) Xeon(R) CPU @ 2.20GHz,kaggle,dynamic_selected_zero,1000000,1000000,1.2,0.95,0.05,0.2,500000,32,8,64,STATIC-REGIONAL,50,6271181.564118885,6306578.483228635,161011.4318039802,44630.091908642695,0.025674815847339074
f410f7064c081e00,b9d01f8835b06ae01fb0,GCC,11.4.0,-std=c++11 -O3 -march=native -DNDEBUG,Intel(R) Xeon(R) CPU @ 2.20GHz,kaggle,dynamic_selected_zero,1000000,1000000,1.2,0.95,0.05,0.2,500000,64,8,64,ADAPT-V1,50,3327041.877847356,3331658.48257188,32276.00055755725,8946.450914621171,0.009701110398538262
f410f7064c081e00,b9d01f8835b06ae01fb0,GCC,11.4.0,-std=c++11 -O3 -march=native -DNDEBUG,Intel(R) Xeon(R) CPU @ 2.20GHz,kaggle,dynamic_selected_zero,1000000,1000000,1.2,0.95,0.05,0.2,500000,64,8,64,ADAPT-V2,50,5637514.87348801,5636179.301273125,49841.003119151675,13815.22122438327,0.008840952837844017
f410f7064c081e00,b9d01f8835b06ae01fb0,GCC,11.4.0,-std=c++11 -O3 -march=native -DNDEBUG,Intel(R) Xeon(R) CPU @ 2.20GHz,kaggle,dynamic_selected_zero,1000000,1000000,1.2,0.95,0.05,0.2,500000,64,8,64,STATIC-REGIONAL,50,6399422.663011477,6406940.643042425,73138.06127422403,20272.836283217686,0.011428853058411102
