ci95_high_ops_sec,ci95_high_us_per_op,ci95_high_vs_static,ci95_low_ops_sec,ci95_low_us_per_op,ci95_low_vs_static,mean_ops_sec,mean_rebuild_count,mean_rebuild_share,mean_rebuild_total_ms,mean_us_per_op,mean_vs_static,median_ops_sec,median_us_per_op,median_vs_static,n,pairing,regime,variant
6321848.75266808,,1.0,6218262.105770297,,1.0,6271181.564118885,,,,,1.0,6306578.483228635,,1.0,50,seed+repetition+fingerprint paired,zero,STATIC-REGIONAL
6513200.3019009745,,1.0409467013832512,6390309.059185072,,1.017966762218973,6452940.182300717,,,,,1.0296541655020128,6442539.646036048,,1.0213781046943753,5,seed paired; measured oracle repetition=0,zero,ORACLE-ZERO-COST
804061.8395317518,,0.12893334918508934,793234.8706537397,,0.12579642590492293,798612.0010390829,16.0,0.8350798942874711,1045.8104779999999,,0.12744318961995538,800746.2429215055,,0.12643024973539366,50,seed+repetition+fingerprint paired,zero,PERFECT-V1
3098360.471712926,,0.49651710748088557,3051921.626490812,,0.4844030360237876,3073672.17298851,16.0,0.37987062198459803,123.6202701,,0.4904717693927915,3076822.73281468,,0.4857076635912527,50,seed+repetition+fingerprint paired,zero,PERFECT-V2
3169256.8633799125,,0.5068521195897159,3102978.404614892,,0.4952334472396466,3136001.1307582273,2.0,0.30052966761248817,95.85719302,,0.5003864301014372,3136913.932067275,,0.4981377042623333,50,seed+repetition+fingerprint paired,zero,ADAPT-V1
5564839.27467459,,0.8902783813280721,5432472.012433387,,0.867226081043062,5506861.706132221,0.0,0.0,0.0,,0.8786476903507706,5518515.010311245,,0.8737565071925162,50,seed+repetition+fingerprint paired,zero,ADAPT-V2
5711887.063974668,1.1068319925474999,,5586409.300169548,1.0877642569905002,,5654328.1812616335,,,,1.09736728494,,5652070.752457803,1.0935804735000003,,50,paired difference; positive means loss,zero,ACTUATION-LOSS-V1
-2301191.366620364,-0.9224825653589999,,-2374959.2623423487,-0.9444721445364999,,-2337389.129719144,,,,-0.93336982654,,-2341070.6401515054,-0.9330317899999995,,50,paired difference; positive means loss,zero,ONLINE-CONTROL-LOSS-V1
3450831.8428958706,0.17373458956549995,,3292876.114426799,0.16656958275449985,,3379268.009312206,,,,0.17043451653999994,,3383230.3681563456,0.17029649550000012,,50,paired difference; positive means loss,zero,ACTUATION-LOSS-V2
-2342807.109867745,-0.13899512884949994,,-2508884.127398057,-0.1476963694185,,-2433189.533143711,,,,-0.14372331765999993,,-2450116.2423201,-0.14458871050000008,,50,paired difference; positive means loss,zero,ONLINE-CONTROL-LOSS-V2
5672509.124091146,,1.0,5577260.646366209,,1.0,5626503.937234411,,,,,1.0,5624874.91621831,,1.0,50,seed+repetition+fingerprint paired,borderline,STATIC-REGIONAL
5821329.077852686,,1.0429276841316955,5667620.239635315,,1.0011409064907046,5744474.658744,,,,,1.0214657716413462,5731882.133886174,,1.0199795135713987,5,seed paired; measured oracle repetition=0,borderline,ORACLE-ZERO-COST
1262773.169755393,,0.22558367978248794,1247432.3703055563,,0.2210947182994475,1255450.2001951798,8.0,0.7160110737828604,570.37515714,,0.22321976215128445,1256314.80545631,,0.22339871170807582,50,seed+repetition+fingerprint paired,borderline,PERFECT-V1
3542459.270965905,,0.6326867751861821,3490373.167531704,,0.6186534445016524,3517822.521234935,8.0,0.25231893470552275,71.7304437,,0.6254628665448729,3529240.0030411053,,0.6257518535500151,50,seed+repetition+fingerprint paired,borderline,PERFECT-V2
3026458.76665555,,0.5379094091153708,2949262.0893020313,,0.5257633676480835,2989000.531291075,1.0,0.14971407977203374,50.09139076,,0.5313280731646169,2999698.9097773,,0.5320658134936962,50,seed+repetition+fingerprint paired,borderline,ADAPT-V1
5007915.42295939,,0.8915084262976545,4939473.534417178,,0.8780342975318665,4974999.125621604,0.0,0.0,0.0,,0.8845041938218633,4991445.293663105,,0.8858602925758934,50,seed+repetition+fingerprint paired,borderline,ADAPT-V2
4566627.687966023,0.6287337149625003,,4409013.266202866,0.6163792951680009,,4489024.458548821,,,,0.6225219935800004,,4480190.960091336,0.6207458000000016,,50,paired difference; positive means loss,borderline,ACTUATION-LOSS-V1
-1690504.210701005,-0.45474795094850057,,-1773757.291018253,-0.4691587397094999,,-1733550.3310958953,,,,-0.46174093714000036,,-1747614.5291471449,-0.4612684490000011,,50,paired difference; positive means loss,borderline,ONLINE-CONTROL-LOSS-V1
2316092.3894210863,0.11400347540100006,,2134339.200278472,0.106527792883,,2226652.137509065,,,,0.11021000592000002,,2217905.1215221845,0.11011513999999986,,50,paired difference; positive means loss,borderline,ACTUATION-LOSS-V2
-1410027.147946469,-0.08058967809400008,,-1502001.0894979502,-0.08602643544199992,,-1457176.604386669,,,,-0.08327881032000001,,-1473601.419511975,-0.08315635649999996,,50,paired difference; positive means loss,borderline,ONLINE-CONTROL-LOSS-V2
3756407.8259341624,,1.0,3735229.6877886243,,1.0,3746005.6273566857,,,,,1.0,3743948.87862655,,1.0,50,seed+repetition+fingerprint paired,high,STATIC-REGIONAL
3920011.543767359,,1.049064977243681,3899646.339455333,,1.0391894241339832,3909284.6909668325,,,,,1.043649607038646,3909561.5207819,,1.0436061393060152,5,seed paired; measured oracle repetition=0,high,ORACLE-ZERO-COST
25946.2609408913,,0.006921812799386068,21799.127541296064,,0.005818856342891014,23646.09701104627,470.4,0.9848526559546449,42076.13441718,,0.006312679923295964,22564.870292708853,,0.00600850796090468,50,seed+repetition+fingerprint paired,high,PERFECT-V1
265795.5998908145,,0.07066935886359718,219315.3509482259,,0.058503454746220505,238930.52949833946,470.4,0.7701440673363358,3261.5223385400004,,0.06378784117538988,229938.3759978645,,0.061493979310466976,50,seed+repetition+fingerprint paired,high,PERFECT-V2
2994658.038363856,,0.7990933914290697,2974033.881205116,,0.7941506783132699,2983978.1032324606,0.0,0.0,0.0,,0.7966012949976639,2984388.306702775,,0.79654949140685,50,seed+repetition+fingerprint paired,high,ADAPT-V1
3477613.555525485,,0.9288856188346777,3433729.7676323904,,0.915695926621922,3458859.742052384,0.0,0.0,0.0,,0.9234076645761912,3467644.9307591254,,0.9246862693655692,50,seed+repetition+fingerprint paired,high,ADAPT-V2
3897993.2505377703,45.66327737073797,,3873383.590660286,38.64984086367,,3885638.5939557864,,,,42.46294395769999,,3885238.3385378094,44.06034464299997,,50,paired difference; positive means loss,high,ACTUATION-LOSS-V1
-2949621.305529982,-38.64928173247502,,-2971926.0142713613,-45.59530166168899,,-2960332.0062214145,,,,-42.38359110203999,,-2958911.9101348137,-43.984781127999966,,50,paired difference; positive means loss,high,ONLINE-CONTROL-LOSS-V1
3696745.11811179,4.317416349266501,,3637644.8330967533,3.5740633902825003,,3670354.1614684933,,,,3.9757534331200004,,3672778.5184557927,4.093540365500002,,50,paired difference; positive means loss,high,ACTUATION-LOSS-V2
-3184088.5560016446,-3.5108924086154993,,-3254406.394425755,-4.285238761853501,,-3219929.212554045,,,,-3.9423779002800003,,-3232308.7009420963,-4.057295183500001,,50,paired difference; positive means loss,high,ONLINE-CONTROL-LOSS-V2
