regime,variant,n,peak_rss_bytes_supported_n,peak_rss_bytes_mean,peak_rss_bytes_median,tree_bytes_supported_n,tree_bytes_mean,tree_bytes_median,bytes_per_key_supported_n,bytes_per_key_mean,bytes_per_key_median,shadow_bytes_supported_n,shadow_bytes_mean,shadow_bytes_median,monitor_bytes_supported_n,monitor_bytes_mean,monitor_bytes_median,temp_rebuild_bytes_supported_n,temp_rebuild_bytes_mean,temp_rebuild_bytes_median
zero,STATIC-REGIONAL,50,50,75841617.92,75841536.0,50,30552576.0,30552576.0,50,30.552576,30.552576,50,0.0,0.0,50,0.0,0.0,50,0.0,0.0
zero,PERFECT-V1,50,50,139137843.2,139120640.0,0,,,0,,,50,8000000.0,8000000.0,0,,,0,,
zero,PERFECT-V2,50,50,82532270.08,82546688.0,50,17302656.0,17302656.0,50,17.371072,17.371072,50,0.0,0.0,50,68416.0,68416.0,50,1000000.0,1000000.0
zero,ADAPT-V1,50,50,128345047.04,128323584.0,0,,,0,,,50,8000000.0,8000000.0,0,,,0,,
zero,ADAPT-V2,50,50,75832606.72,75829248.0,50,30552576.0,30552576.0,50,30.620992,30.620992,50,0.0,0.0,50,68416.0,68416.0,50,0.0,0.0
borderline,STATIC-REGIONAL,50,50,75879055.36,75882496.0,50,30552576.0,30552576.0,50,30.552576,30.552576,50,0.0,0.0,50,0.0,0.0,50,0.0,0.0
borderline,PERFECT-V1,50,50,140442419.2,140433408.0,0,,,0,,,50,8000000.0,8000000.0,0,,,0,,
borderline,PERFECT-V2,50,50,82254397.44,82264064.0,50,16659584.0,16659584.0,50,16.728,16.728,50,0.0,0.0,50,68416.0,68416.0,50,1000000.0,1000000.0
borderline,ADAPT-V1,50,50,128711966.72,128739328.0,0,,,0,,,50,8000000.0,8000000.0,0,,,0,,
borderline,ADAPT-V2,50,50,75841781.76,75835392.0,50,30552576.0,30552576.0,50,30.620992,30.620992,50,0.0,0.0,50,68416.0,68416.0,50,0.0,0.0
high,STATIC-REGIONAL,50,50,75854315.52,75884544.0,50,30552576.0,30552576.0,50,30.552576,30.552576,50,0.0,0.0,50,0.0,0.0,50,0.0,0.0
high,PERFECT-V1,50,50,147706265.6,147337216.0,0,,,0,,,50,8000000.0,8000000.0,0,,,0,,
high,PERFECT-V2,50,50,82229657.6,82255872.0,50,17174041.6,17302656.0,50,17.2424576,17.371072,50,0.0,0.0,50,68416.0,68416.0,50,1000000.0,1000000.0
high,ADAPT-V1,50,50,121754746.88,121782272.0,0,,,0,,,50,8000000.0,8000000.0,0,,,0,,
high,ADAPT-V2,50,50,75959336.96,75962368.0,50,30552576.0,30552576.0,50,30.620992,30.620992,50,0.0,0.0,50,68416.0,68416.0,50,0.0,0.0
