records,seed,repetition,machine,source_id,git_commit,workload_fingerprint,static_ops_sec,adaptive_v2_ops_sec,throughput_ratio,rebuild_count,rebuild_total_ms,static_origin,adaptive_origin
100000,11,0,8c1eaa02bef0eff8,e15d24b65699b5cf4d1d,76a08ed4743fe90bf762e26ab8415993c5760502,15663928211263378834,1749328.25794895,2334872.01399055,1.3347249170536681,1,1.001,D:\Research\SIGMOD\results\raw\local\8c1eaa02bef0eff8\adaptive_scale_replication\25eac56dbbfeac759d60f44b.csv,D:\Research\SIGMOD\results\raw\local\8c1eaa02bef0eff8\adaptive_scale_replication\923efcdea1296247c7e6544a.csv
100000,11,1,8c1eaa02bef0eff8,e15d24b65699b5cf4d1d,76a08ed4743fe90bf762e26ab8415993c5760502,15663928211263378834,2859078.86197225,2620510.73754275,0.9165576970951648,1,1.996,D:\Research\SIGMOD\results\raw\local\8c1eaa02bef0eff8\adaptive_scale_replication\b32f5b8c61fcb7a770e9b470.csv,D:\Research\SIGMOD\results\raw\local\8c1eaa02bef0eff8\adaptive_scale_replication\cdaf14634b00f8d7c1ece464.csv
100000,11,2,8c1eaa02bef0eff8,e15d24b65699b5cf4d1d,76a08ed4743fe90bf762e26ab8415993c5760502,15663928211263378834,2851285.50206861,2586412.02578136,0.907103839270012,1,1.113,D:\Research\SIGMOD\results\raw\local\8c1eaa02bef0eff8\adaptive_scale_replication\b1a9e3da20d6e82102aa4e97.csv,D:\Research\SIGMOD\results\raw\local\8c1eaa02bef0eff8\adaptive_scale_replication\ee44ed941d21d5ecbce2e43a.csv
100000,23,0,8c1eaa02bef0eff8,e15d24b65699b5cf4d1d,76a08ed4743fe90bf762e26ab8415993c5760502,10237541980171874262,2887944.85180511,2711893.82393301,0.9390393387318116,1,1.006,D:\Research\SIGMOD\results\raw\local\8c1eaa02bef0eff8\adaptive_scale_replication\504077a1b11bbebaa732868f.csv,D:\Research\SIGMOD\results\raw\local\8c1eaa02bef0eff8\adaptive_scale_replication\bcb38c199414ea198ff66d95.csv
100000,23,1,8c1eaa02bef0eff8,e15d24b65699b5cf4d1d,76a08ed4743fe90bf762e26ab8415993c5760502,10237541980171874262,2919136.98634136,2723318.96328694,0.9329192072963165,1,0.999,D:\Research\SIGMOD\results\raw\local\8c1eaa02bef0eff8\adaptive_scale_replication\540105c52f4e8dbb8c83ba63.csv,D:\Research\SIGMOD\results\raw\local\8c1eaa02bef0eff8\adaptive_scale_replication\96ee6a48734a2d0cd9243801.csv
100000,23,2,8c1eaa02bef0eff8,e15d24b65699b5cf4d1d,76a08ed4743fe90bf762e26ab8415993c5760502,10237541980171874262,2930222.60901161,2613873.39442827,0.892039187189929,1,3.0,D:\Research\SIGMOD\results\raw\local\8c1eaa02bef0eff8\adaptive_scale_replication\06e9eced98df475543a5b5a3.csv,D:\Research\SIGMOD\results\raw\local\8c1eaa02bef0eff8\adaptive_scale_replication\6cd6b97441135b701e572b06.csv
100000,37,0,8c1eaa02bef0eff8,e15d24b65699b5cf4d1d,76a08ed4743fe90bf762e26ab8415993c5760502,5960364508252281699,2951585.14880416,2673196.3943927,0.9056816116166428,1,1.996,D:\Research\SIGMOD\results\raw\local\8c1eaa02bef0eff8\adaptive_scale_replication\89cfd631b29fa30332000eab.csv,D:\Research\SIGMOD\results\raw\local\8c1eaa02bef0eff8\adaptive_scale_replication\a352fc199d369ac1c2b65b00.csv
100000,37,1,8c1eaa02bef0eff8,e15d24b65699b5cf4d1d,76a08ed4743fe90bf762e26ab8415993c5760502,5960364508252281699,2835270.76835838,2656437.61090627,0.9369255453666407,1,2.007,D:\Research\SIGMOD\results\raw\local\8c1eaa02bef0eff8\adaptive_scale_replication\b3702d8ab26a9c129c7e2bb5.csv,D:\Research\SIGMOD\results\raw\local\8c1eaa02bef0eff8\adaptive_scale_replication\c2c403d32705fd1d6f9bd456.csv
100000,37,2,8c1eaa02bef0eff8,e15d24b65699b5cf4d1d,76a08ed4743fe90bf762e26ab8415993c5760502,5960364508252281699,2835302.92376438,2741370.8499072,0.966870533278868,1,1.002,D:\Research\SIGMOD\results\raw\local\8c1eaa02bef0eff8\adaptive_scale_replication\c79dfc316adeb4b1c6039793.csv,D:\Research\SIGMOD\results\raw\local\8c1eaa02bef0eff8\adaptive_scale_replication\03fb56f45e4b160a93d6ac4e.csv
100000,53,0,8c1eaa02bef0eff8,e15d24b65699b5cf4d1d,76a08ed4743fe90bf762e26ab8415993c5760502,4353454279886767390,2955641.72893219,2721347.61133713,0.9207298654293579,1,0.998,D:\Research\SIGMOD\results\raw\local\8c1eaa02bef0eff8\adaptive_scale_replication\342a5c64e1bb90e5682fddbf.csv,D:\Research\SIGMOD\results\raw\local\8c1eaa02bef0eff8\adaptive_scale_replication\193e4fceb3df3da183181bf9.csv
100000,53,1,8c1eaa02bef0eff8,e15d24b65699b5cf4d1d,76a08ed4743fe90bf762e26ab8415993c5760502,4353454279886767390,2978548.49374803,2593529.14478376,0.8707359138948298,1,0.999,D:\Research\SIGMOD\results\raw\local\8c1eaa02bef0eff8\adaptive_scale_replication\48850b4609b3c836372019be.csv,D:\Research\SIGMOD\results\raw\local\8c1eaa02bef0eff8\adaptive_scale_replication\a47fe0da078866b6fa7d9604.csv
100000,53,2,8c1eaa02bef0eff8,e15d24b65699b5cf4d1d,76a08ed4743fe90bf762e26ab8415993c5760502,4353454279886767390,2979942.01032848,2756218.02787088,0.924923377138826,1,1.613,D:\Research\SIGMOD\results\raw\local\8c1eaa02bef0eff8\adaptive_scale_replication\79e87c6e50c68e947f6fe3f3.csv,D:\Research\SIGMOD\results\raw\local\8c1eaa02bef0eff8\adaptive_scale_replication\062561f95aebf4fce9533597.csv
100000,71,0,8c1eaa02bef0eff8,e15d24b65699b5cf4d1d,76a08ed4743fe90bf762e26ab8415993c5760502,10269775820206429711,2907314.80404698,2643006.47272285,0.9090885063577521,1,0.998,D:\Research\SIGMOD\results\raw\local\8c1eaa02bef0eff8\adaptive_scale_replication\4adc4027a6b741991f2c561d.csv,D:\Research\SIGMOD\results\raw\local\8c1eaa02bef0eff8\adaptive_scale_replication\352039c31a88c97d84b67660.csv
100000,71,1,8c1eaa02bef0eff8,e15d24b65699b5cf4d1d,76a08ed4743fe90bf762e26ab8415993c5760502,10269775820206429711,2841490.30483508,2606664.72035701,0.9173583017058018,1,1.002,D:\Research\SIGMOD\results\raw\local\8c1eaa02bef0eff8\adaptive_scale_replication\a766e115ac19a5884a961eaf.csv,D:\Research\SIGMOD\results\raw\local\8c1eaa02bef0eff8\adaptive_scale_replication\dd17b8d6c0bf6301e4de0a8f.csv
100000,71,2,8c1eaa02bef0eff8,e15d24b65699b5cf4d1d,76a08ed4743fe90bf762e26ab8415993c5760502,10269775820206429711,2822458.86971812,2697264.43441062,0.9556434863761174,1,1.008,D:\Research\SIGMOD\results\raw\local\8c1eaa02bef0eff8\adaptive_scale_replication\f82976cbd7be919603f3bb47.csv,D:\Research\SIGMOD\results\raw\local\8c1eaa02bef0eff8\adaptive_scale_replication\cdb4c2bd6f472245c29e7aa1.csv
1000000,11,0,8c1eaa02bef0eff8,e15d24b65699b5cf4d1d,76a08ed4743fe90bf762e26ab8415993c5760502,4057802302394275910,2203672.199353,1807321.45923135,0.8201407903416765,0,0.0,D:\Research\SIGMOD\results\raw\local\8c1eaa02bef0eff8\adaptive_scale_replication\146deddeca87c5ce23946507.csv,D:\Research\SIGMOD\results\raw\local\8c1eaa02bef0eff8\adaptive_scale_replication\f33c7f08e70c91eb5a0e6157.csv
1000000,11,1,8c1eaa02bef0eff8,e15d24b65699b5cf4d1d,76a08ed4743fe90bf762e26ab8415993c5760502,4057802302394275910,1888281.70141734,2099005.91080064,1.111595748253627,0,0.0,D:\Research\SIGMOD\results\raw\local\8c1eaa02bef0eff8\adaptive_scale_replication\af6e35b9d953f8bb1cf77776.csv,D:\Research\SIGMOD\results\raw\local\8c1eaa02bef0eff8\adaptive_scale_replication\6442830017b3f390cc361d13.csv
1000000,11,2,8c1eaa02bef0eff8,e15d24b65699b5cf4d1d,76a08ed4743fe90bf762e26ab8415993c5760502,4057802302394275910,2048403.78135338,1926566.97324769,0.9405210978349237,0,0.0,D:\Research\SIGMOD\results\raw\local\8c1eaa02bef0eff8\adaptive_scale_replication\7f94308bfb88bb61598bfb38.csv,D:\Research\SIGMOD\results\raw\local\8c1eaa02bef0eff8\adaptive_scale_replication\3496a217c67ed9aea2217f36.csv
1000000,23,0,8c1eaa02bef0eff8,e15d24b65699b5cf4d1d,76a08ed4743fe90bf762e26ab8415993c5760502,14459683760098294956,2188892.68296954,1969865.0051512,0.8999367673333358,0,0.0,D:\Research\SIGMOD\results\raw\local\8c1eaa02bef0eff8\adaptive_scale_replication\33a659f248ecb842395a3b27.csv,D:\Research\SIGMOD\results\raw\local\8c1eaa02bef0eff8\adaptive_scale_replication\1943d1a08d62794e9e7b3830.csv
1000000,23,1,8c1eaa02bef0eff8,e15d24b65699b5cf4d1d,76a08ed4743fe90bf762e26ab8415993c5760502,14459683760098294956,2163649.81760432,1933293.63637067,0.8935335194450691,0,0.0,D:\Research\SIGMOD\results\raw\local\8c1eaa02bef0eff8\adaptive_scale_replication\d2796fe5c4a419930b5a6c53.csv,D:\Research\SIGMOD\results\raw\local\8c1eaa02bef0eff8\adaptive_scale_replication\d025fe7e13bcd07efcda85cf.csv
1000000,23,2,8c1eaa02bef0eff8,e15d24b65699b5cf4d1d,76a08ed4743fe90bf762e26ab8415993c5760502,14459683760098294956,2161577.95190489,1945377.68535072,0.899980351685377,0,0.0,D:\Research\SIGMOD\results\raw\local\8c1eaa02bef0eff8\adaptive_scale_replication\1e7d0ff910435058259ad348.csv,D:\Research\SIGMOD\results\raw\local\8c1eaa02bef0eff8\adaptive_scale_replication\2df6b4590eebe695a16c6711.csv
1000000,37,0,8c1eaa02bef0eff8,e15d24b65699b5cf4d1d,76a08ed4743fe90bf762e26ab8415993c5760502,14447331433965088331,2203385.7225012,2045989.75777527,0.9285663135970309,0,0.0,D:\Research\SIGMOD\results\raw\local\8c1eaa02bef0eff8\adaptive_scale_replication\7fa1b91594ad7a9ce67e1add.csv,D:\Research\SIGMOD\results\raw\local\8c1eaa02bef0eff8\adaptive_scale_replication\e30ee965385cf0a5cc3b3ad5.csv
1000000,37,1,8c1eaa02bef0eff8,e15d24b65699b5cf4d1d,76a08ed4743fe90bf762e26ab8415993c5760502,14447331433965088331,2201019.07183026,2045688.40483355,0.9294278414100499,0,0.0,D:\Research\SIGMOD\results\raw\local\8c1eaa02bef0eff8\adaptive_scale_replication\756ff501ca8e2c14441db6f2.csv,D:\Research\SIGMOD\results\raw\local\8c1eaa02bef0eff8\adaptive_scale_replication\043122e6f23db5b6819e0a82.csv
1000000,37,2,8c1eaa02bef0eff8,e15d24b65699b5cf4d1d,76a08ed4743fe90bf762e26ab8415993c5760502,14447331433965088331,2240580.04136111,2059783.14603039,0.9193079952542605,0,0.0,D:\Research\SIGMOD\results\raw\local\8c1eaa02bef0eff8\adaptive_scale_replication\9ab2c014e21d2047626acc96.csv,D:\Research\SIGMOD\results\raw\local\8c1eaa02bef0eff8\adaptive_scale_replication\b5d127b6f2c7cb8e7d16eef2.csv
1000000,53,0,8c1eaa02bef0eff8,e15d24b65699b5cf4d1d,76a08ed4743fe90bf762e26ab8415993c5760502,1622021116069090774,1969756.36083573,1945699.42057071,0.9877868447370753,0,0.0,D:\Research\SIGMOD\results\raw\local\8c1eaa02bef0eff8\adaptive_scale_replication\35b9ef4871ca7d95b331fbac.csv,D:\Research\SIGMOD\results\raw\local\8c1eaa02bef0eff8\adaptive_scale_replication\4aef464a89fa094a0782b45b.csv
1000000,53,1,8c1eaa02bef0eff8,e15d24b65699b5cf4d1d,76a08ed4743fe90bf762e26ab8415993c5760502,1622021116069090774,2278506.39348894,2070474.82199093,0.9086982717746674,0,0.0,D:\Research\SIGMOD\results\raw\local\8c1eaa02bef0eff8\adaptive_scale_replication\dd3183afd11f6c36e082afa4.csv,D:\Research\SIGMOD\results\raw\local\8c1eaa02bef0eff8\adaptive_scale_replication\9560e16ed5fbc80729235112.csv
1000000,53,2,8c1eaa02bef0eff8,e15d24b65699b5cf4d1d,76a08ed4743fe90bf762e26ab8415993c5760502,1622021116069090774,2283433.46189064,1971970.41255593,0.8635988065635052,0,0.0,D:\Research\SIGMOD\results\raw\local\8c1eaa02bef0eff8\adaptive_scale_replication\b053cc8adde0dd658408d679.csv,D:\Research\SIGMOD\results\raw\local\8c1eaa02bef0eff8\adaptive_scale_replication\292d46e279fae9f352beb035.csv
1000000,71,0,8c1eaa02bef0eff8,e15d24b65699b5cf4d1d,76a08ed4743fe90bf762e26ab8415993c5760502,14366480261085116920,2261803.78852135,2053282.68569375,0.9078076074123476,0,0.0,D:\Research\SIGMOD\results\raw\local\8c1eaa02bef0eff8\adaptive_scale_replication\1eaf2aabeddbfee70570873a.csv,D:\Research\SIGMOD\results\raw\local\8c1eaa02bef0eff8\adaptive_scale_replication\dd81f6e1502ae25200ba08a9.csv
1000000,71,1,8c1eaa02bef0eff8,e15d24b65699b5cf4d1d,76a08ed4743fe90bf762e26ab8415993c5760502,14366480261085116920,2177605.50498672,1896820.5493951,0.8710579326932164,0,0.0,D:\Research\SIGMOD\results\raw\local\8c1eaa02bef0eff8\adaptive_scale_replication\008480d7224a7a9380ed13db.csv,D:\Research\SIGMOD\results\raw\local\8c1eaa02bef0eff8\adaptive_scale_replication\bffb96ea84c43f2e0929a27f.csv
1000000,71,2,8c1eaa02bef0eff8,e15d24b65699b5cf4d1d,76a08ed4743fe90bf762e26ab8415993c5760502,14366480261085116920,1943642.15215608,1931042.4732792,0.993517490417203,0,0.0,D:\Research\SIGMOD\results\raw\local\8c1eaa02bef0eff8\adaptive_scale_replication\5b750c5db4fb01a4a165c6be.csv,D:\Research\SIGMOD\results\raw\local\8c1eaa02bef0eff8\adaptive_scale_replication\dd599588eb824e3e02dc40ae.csv
5000000,11,0,8c1eaa02bef0eff8,e15d24b65699b5cf4d1d,76a08ed4743fe90bf762e26ab8415993c5760502,187374959082650819,1748606.3607305,1573346.25575058,0.8997715501236636,0,0.0,D:\Research\SIGMOD\results\raw\local\8c1eaa02bef0eff8\adaptive_scale_replication\f79a87b88ef7544f18a14e79.csv,D:\Research\SIGMOD\results\raw\local\8c1eaa02bef0eff8\adaptive_scale_replication\d6584d6c5594aed9fe42586d.csv
5000000,11,1,8c1eaa02bef0eff8,e15d24b65699b5cf4d1d,76a08ed4743fe90bf762e26ab8415993c5760502,187374959082650819,1650366.54640996,1570605.79836249,0.9516708889785889,0,0.0,D:\Research\SIGMOD\results\raw\local\8c1eaa02bef0eff8\adaptive_scale_replication\eceb3a9510b2a9d236d42064.csv,D:\Research\SIGMOD\results\raw\local\8c1eaa02bef0eff8\adaptive_scale_replication\f866d66b16aebe820f86a45e.csv
5000000,11,2,8c1eaa02bef0eff8,e15d24b65699b5cf4d1d,76a08ed4743fe90bf762e26ab8415993c5760502,187374959082650819,1778293.08759694,1663273.58854603,0.9353202799622083,0,0.0,D:\Research\SIGMOD\results\raw\local\8c1eaa02bef0eff8\adaptive_scale_replication\a65f7581569af1d1786755fd.csv,D:\Research\SIGMOD\results\raw\local\8c1eaa02bef0eff8\adaptive_scale_replication\382862c82765766b07a665c5.csv
5000000,23,0,8c1eaa02bef0eff8,e15d24b65699b5cf4d1d,76a08ed4743fe90bf762e26ab8415993c5760502,2197823823780452369,1737332.67314692,1693591.95611565,0.9748230619803862,0,0.0,D:\Research\SIGMOD\results\raw\local\8c1eaa02bef0eff8\adaptive_scale_replication\bfa25e4ce5a00cf91246f991.csv,D:\Research\SIGMOD\results\raw\local\8c1eaa02bef0eff8\adaptive_scale_replication\29faa0b75df5d472a201cafd.csv
5000000,23,1,8c1eaa02bef0eff8,e15d24b65699b5cf4d1d,76a08ed4743fe90bf762e26ab8415993c5760502,2197823823780452369,1757472.3329918,1635122.42979193,0.9303830274291772,0,0.0,D:\Research\SIGMOD\results\raw\local\8c1eaa02bef0eff8\adaptive_scale_replication\027892d70e928baf642c20d4.csv,D:\Research\SIGMOD\results\raw\local\8c1eaa02bef0eff8\adaptive_scale_replication\8ff6cde115094dc279e3a695.csv
5000000,23,2,8c1eaa02bef0eff8,e15d24b65699b5cf4d1d,76a08ed4743fe90bf762e26ab8415993c5760502,2197823823780452369,1763724.42158658,1647916.12766077,0.9343387818933565,0,0.0,D:\Research\SIGMOD\results\raw\local\8c1eaa02bef0eff8\adaptive_scale_replication\9e7c236af7fd6014bcc5122c.csv,D:\Research\SIGMOD\results\raw\local\8c1eaa02bef0eff8\adaptive_scale_replication\2898ab0b3140fcec2d30fb1e.csv
5000000,37,0,8c1eaa02bef0eff8,e15d24b65699b5cf4d1d,76a08ed4743fe90bf762e26ab8415993c5760502,7591840277634615839,1816718.53398081,1676060.98850725,0.9225760386968972,0,0.0,D:\Research\SIGMOD\results\raw\local\8c1eaa02bef0eff8\adaptive_scale_replication\bff75c421f678aa74349e0e3.csv,D:\Research\SIGMOD\results\raw\local\8c1eaa02bef0eff8\adaptive_scale_replication\e4c8720a76aa60eaa34434f3.csv
5000000,37,1,8c1eaa02bef0eff8,e15d24b65699b5cf4d1d,76a08ed4743fe90bf762e26ab8415993c5760502,7591840277634615839,1824737.60273273,1682926.54193937,0.9222841352197798,0,0.0,D:\Research\SIGMOD\results\raw\local\8c1eaa02bef0eff8\adaptive_scale_replication\34f4146e728f427fd3af29e2.csv,D:\Research\SIGMOD\results\raw\local\8c1eaa02bef0eff8\adaptive_scale_replication\1a7beccab9a2e425ec291703.csv
5000000,37,2,8c1eaa02bef0eff8,e15d24b65699b5cf4d1d,76a08ed4743fe90bf762e26ab8415993c5760502,7591840277634615839,1832881.52803667,1733387.64614625,0.9457172324732875,0,0.0,D:\Research\SIGMOD\results\raw\local\8c1eaa02bef0eff8\adaptive_scale_replication\1ef14c3516c8542f60260616.csv,D:\Research\SIGMOD\results\raw\local\8c1eaa02bef0eff8\adaptive_scale_replication\e02bce0af427e2caa0109e7f.csv
5000000,53,0,8c1eaa02bef0eff8,e15d24b65699b5cf4d1d,76a08ed4743fe90bf762e26ab8415993c5760502,4912572655448353499,1759952.97405653,1694188.76312361,0.9626329726405476,0,0.0,D:\Research\SIGMOD\results\raw\local\8c1eaa02bef0eff8\adaptive_scale_replication\c1b23a044d2ca073a9aafece.csv,D:\Research\SIGMOD\results\raw\local\8c1eaa02bef0eff8\adaptive_scale_replication\1604775b27c2ec3efb8c81f1.csv
5000000,53,1,8c1eaa02bef0eff8,e15d24b65699b5cf4d1d,76a08ed4743fe90bf762e26ab8415993c5760502,4912572655448353499,1781645.1354852,1709807.97146672,0.9596793084168715,0,0.0,D:\Research\SIGMOD\results\raw\local\8c1eaa02bef0eff8\adaptive_scale_replication\a09c9c8f162ebcf26019568e.csv,D:\Research\SIGMOD\results\raw\local\8c1eaa02bef0eff8\adaptive_scale_replication\8dd4de5821c20b3134c8278e.csv
5000000,53,2,8c1eaa02bef0eff8,e15d24b65699b5cf4d1d,76a08ed4743fe90bf762e26ab8415993c5760502,4912572655448353499,1735083.91733366,1717702.46988438,0.9899823591956345,0,0.0,D:\Research\SIGMOD\results\raw\local\8c1eaa02bef0eff8\adaptive_scale_replication\a11a948e20561fce2b5b6888.csv,D:\Research\SIGMOD\results\raw\local\8c1eaa02bef0eff8\adaptive_scale_replication\6b997ff1ee0b64b2965c36d9.csv
5000000,71,0,8c1eaa02bef0eff8,e15d24b65699b5cf4d1d,76a08ed4743fe90bf762e26ab8415993c5760502,15367589241712541353,1096365.00183641,1709305.28705218,1.5590658988467305,0,0.0,D:\Research\SIGMOD\results\raw\local\8c1eaa02bef0eff8\adaptive_scale_replication\4e60ca21cc138e7c03419c0e.csv,D:\Research\SIGMOD\results\raw\local\8c1eaa02bef0eff8\adaptive_scale_replication\5b808c07259906c642d3cd00.csv
5000000,71,1,8c1eaa02bef0eff8,e15d24b65699b5cf4d1d,76a08ed4743fe90bf762e26ab8415993c5760502,15367589241712541353,1048951.41571728,1050373.8280454,1.0013560326120037,0,0.0,D:\Research\SIGMOD\results\raw\local\8c1eaa02bef0eff8\adaptive_scale_replication\4bf4fbdb3c2b852ef56db4f3.csv,D:\Research\SIGMOD\results\raw\local\8c1eaa02bef0eff8\adaptive_scale_replication\fdf572549cff3340a82f708d.csv
5000000,71,2,8c1eaa02bef0eff8,e15d24b65699b5cf4d1d,76a08ed4743fe90bf762e26ab8415993c5760502,15367589241712541353,1101089.96896027,1061973.59296464,0.9644748593681525,0,0.0,D:\Research\SIGMOD\results\raw\local\8c1eaa02bef0eff8\adaptive_scale_replication\c993fd378dde6a5399f6b95a.csv,D:\Research\SIGMOD\results\raw\local\8c1eaa02bef0eff8\adaptive_scale_replication\6a0eb4cd52bcd251a4d03485.csv
