phase_length,seed,repetition,static_ops_sec,oracle_ops_sec,perfect_v2_ops_sec,adaptive_v2_ops_sec,oracle_ratio,perfect_ratio,adaptive_ratio,actuation_loss,online_control_loss,perfect_rebuild_count,perfect_rebuild_ms,adaptive_rebuild_count,adaptive_rebuild_ms
10000,11,0,8370360.79616568,8498829.113338467,2146132.96234695,6019432.78647687,1.0153480023503452,0.2563967091275274,0.7191365979390363,0.7589512932228177,-0.4627398888115089,592,2390.301741,0,0.0
10000,11,1,7807465.75218257,8498829.113338467,2205482.9511683,5882162.81929386,1.0885515714190135,0.2824838457410792,0.7534023210603911,0.8060677256779343,-0.47091847531931186,592,2339.495258,0,0.0
10000,11,2,7448273.41328214,8498829.113338467,2164684.09354948,5878175.02136454,1.1410468764724617,0.2906289784810135,0.7891996836316829,0.8504178979914483,-0.4985707051506694,592,2346.346278,0,0.0
10000,11,3,7157083.25679787,8498829.113338467,2171129.19519305,5861642.79861795,1.1874710420989156,0.30335391070529877,0.8189988279164564,0.8841171313936169,-0.5156449172111577,592,2333.4557,0,0.0
10000,11,4,7234270.3963837,8498829.113338467,2131391.00205585,5881248.90621268,1.1748011406356749,0.2946241825742786,0.8129705670322505,0.8801769580613963,-0.5183463844579719,592,2363.886788,0,0.0
10000,23,0,7257436.75604352,7930612.369625451,687798.463875835,6106883.6660164,1.0927566627461622,0.09477154083403913,0.8414656401836345,0.9979851219121231,-0.7466940993495953,2368,9784.68337300002,0,0.0
10000,23,1,7671960.94958988,7930612.369625451,643751.797091884,5800298.65459358,1.0337138603461475,0.08390968115215668,0.7560386050848769,0.9498041791939908,-0.6721289239327202,2368,10712.057412,0,0.0
10000,23,2,7343403.2942939,7930612.369625451,670898.510960701,5967156.56974367,1.0799641599131338,0.09136070621124873,0.8125873427625001,0.9886034537018851,-0.7212266365512514,2368,10017.6643,0,0.0
10000,23,3,7128074.18906459,7930612.369625451,663834.59150159,6254570.01103354,1.1125883596711241,0.09312958505959437,0.877455795932775,1.0194587746115298,-0.7843262108731807,2368,10121.581515,0,0.0
10000,23,4,7307533.59733752,7930612.369625451,671580.099165617,6143057.65173235,1.085265262757731,0.09190243058346054,0.8406471992096699,0.9933628321742705,-0.7487447686262094,2368,10005.450939,0,0.0
10000,37,0,7054057.37836439,7948014.213605496,641739.456832511,5954967.81521225,1.1267294533190182,0.0909745161417031,0.8441904418692178,1.0357549371773151,-0.7532159257275146,2528,10558.144903,0,0.0
10000,37,1,7064854.65786072,7948014.213605496,647613.976969371,6236019.76739194,1.1250074627879467,0.0916669922216733,0.8826819615394953,1.0333404705662734,-0.791014969317822,2528,10464.345273,0,0.0
10000,37,2,7477048.09613506,7948014.213605496,649425.586189505,6138921.50255737,1.062988242340434,0.0868558791971925,0.8210354438846825,0.9761323631432415,-0.73417956468749,2528,10406.329888,0,0.0
10000,37,3,7198748.34844156,7948014.213605496,638640.897943776,5990532.75851791,1.1040827972999143,0.0887155470689615,0.8321631023280299,1.0153672502309528,-0.7434475552590685,2528,10605.517959,0,0.0
10000,37,4,7317786.54604556,7948014.213605496,648661.704069921,5706235.29232119,1.0861227180643171,0.08864179079129463,0.7797761326346377,0.9974809272730225,-0.6911343418433431,2528,10414.628568,0,0.0
10000,53,0,8221324.57543688,7728713.637377121,541569.843530582,5962124.65396544,0.9400813173668451,0.06587379424827089,0.7252024414385334,0.8742075231185742,-0.6593286471902625,3024,12867.281531,0,0.0
10000,53,1,7016914.67137611,7728713.637377121,549298.901213134,6107374.92382286,1.1014404477376118,0.0782821121445117,0.8703789642385836,1.0231583355931002,-0.7920968520940719,3024,12635.218243,0,0.0
10000,53,2,7223801.51057723,7728713.637377121,539777.261530535,5960759.50237963,1.0698956257395207,0.07472205053532861,0.8251554937731568,0.995173575204192,-0.7504334432378281,3024,12913.480806,0,0.0
10000,53,3,7013963.70123826,7728713.637377121,542277.428616775,6570862.06530657,1.1019038544514677,0.07731397704853252,0.936825787128972,1.0245898774029352,-0.8595118100804395,3024,12874.627635,0,0.0
10000,53,4,7049846.17069984,7728713.637377121,535469.872002,5830723.67682319,1.0962953588262323,0.07595483064970816,0.8270710502956085,1.020340528176524,-0.7511162196459003,3024,12998.312029,0,0.0
10000,71,0,7456549.73213661,7728371.304715004,505696.761708464,6401432.58120638,1.0364540682142684,0.06781913617889342,0.8584979395520111,0.968634932035375,-0.7906788033731177,3208,13888.107961,0,0.0
10000,71,1,7160501.54954041,7728371.304715004,505777.725521767,5805774.81575378,1.0793058630384686,0.0706343992836968,0.8108056084599854,1.0086714637547718,-0.7401712091762886,3208,13941.351073,0,0.0
10000,71,2,7172240.19204689,7728371.304715004,517404.772570649,5738913.00673138,1.077539387663675,0.07213991148043057,0.8001562765696428,1.0053994761832443,-0.7280163650892123,3208,13556.205975,0,0.0
10000,71,3,7300440.72264213,7728371.304715004,510744.969623814,5796864.27519423,1.0586170887937845,0.06996084058867179,0.7940430578684659,0.9886562482051127,-0.724082217279794,3208,13791.176792,0,0.0
10000,71,4,7240473.74778859,7728371.304715004,508996.184552995,5853441.18717827,1.0673847560148157,0.07029874042543892,0.8084334521571944,0.9970860155893768,-0.7381347117317555,3208,13831.276356,0,0.0
100000,11,0,10164310.0977977,10442320.271367667,2729213.45905417,8211283.45057739,1.027351602902218,0.26850946427200295,0.807854480193056,0.7588421386302151,-0.539345015921053,448,1758.868168,0,0.0
100000,11,1,10128190.0299305,10442320.271367667,2718000.73107425,8345933.01453177,1.0310154371619074,0.26835996590132116,0.8240300576774466,0.7626554712605862,-0.5556700917761255,448,1775.625333,0,0.0
100000,11,2,10410639.7304384,10442320.271367667,2826615.55132691,8249241.42553739,1.0030430926196245,0.2715121860439098,0.7923856399927507,0.7315309065757147,-0.5208734539488409,448,1720.337761,0,0.0
100000,11,3,10375309.0205383,10442320.271367667,2691151.43991958,8082464.70849373,1.0064587233687898,0.259380364921406,0.7790095401008489,0.7470783584473839,-0.5196291751794428,448,1810.415841,0,0.0
100000,11,4,10207023.8176838,10442320.271367667,2707301.15981959,8213309.06530477,1.0230524056656176,0.26523903619477757,0.8046722739174085,0.75781336947084,-0.539433237722631,448,1790.1914,0,0.0
100000,23,0,10564144.3111088,10596857.631786767,2673576.48874118,8143249.25927111,1.00309663705025,0.2530802694478304,0.7708385099120636,0.7500163676024196,-0.5177582404642331,464,1852.64514,0,0.0
100000,23,1,10390314.7503967,10596857.631786767,2648620.91665705,8092515.43624256,1.0198784046828016,0.2549124815064843,0.7788518086936287,0.7649659231763173,-0.5239393271871444,464,1851.622644,0,0.0
100000,23,2,10628462.3498163,10596857.631786767,2675442.02733492,8102594.32989475,0.9970264073024563,0.251724279512658,0.7623486881933391,0.7453021277897982,-0.510624408680681,464,1839.210324,0,0.0
100000,23,3,10374259.9124876,10596857.631786767,2669567.79348244,8326707.5570236,1.0214567324490516,0.25732609516261057,0.802631477065719,0.7641306372864409,-0.5453053819031084,464,1851.84415,0,0.0
100000,23,4,10433045.5592289,10596857.631786767,2689171.19734017,8197840.30995818,1.0157012707006692,0.2577551475332506,0.7857571658648136,0.7579461231674186,-0.528002018331563,464,1835.472114,0,0.0
100000,37,0,10690105.4212229,10790580.548739586,2927535.11871641,8344742.04909035,1.0093988902408029,0.2738546537534064,0.7806042803398051,0.7355442364873965,-0.5067496265863987,408,1652.290487,0,0.0
100000,37,1,10136565.5791886,10790580.548739586,2933465.61980376,8260788.5272411,1.064520370774668,0.2893944301831839,0.8149494483813471,0.7751259405914841,-0.5255550181981632,408,1648.034388,0,0.0
100000,37,2,10144138.5618887,10790580.548739586,2998983.5428118,7682400.81687705,1.0637256660984062,0.29563708387017834,0.7573241207232378,0.768088582228228,-0.4616870368530595,408,1601.427049,0,0.0
100000,37,3,10238580.4249195,10790580.548739586,2978710.34723695,8052163.77861815,1.053913736173482,0.2909300140854605,0.7864531453032426,0.7629837220880216,-0.49552313121778213,408,1613.128597,0,0.0
100000,37,4,10021768.3732795,10790580.548739586,2937135.87608782,7671447.54525266,1.076714223161446,0.29307560968171514,0.7654784324996601,0.7836386134797309,-0.47240282281794493,408,1623.261077,0,0.0
100000,53,0,10142912.2027866,10736437.223592035,2316471.32560464,7993510.0883437,1.0585162336949316,0.2283832571249337,0.7880882658283893,0.830132976569998,-0.5597050087034556,576,2308.609243,0,0.0
100000,53,1,10331953.1424724,10736437.223592035,2332095.92416881,7752953.79573458,1.0391488497423484,0.22571685062934263,0.7503860779104662,0.8134319991130058,-0.5246692272811235,576,2294.391868,0,0.0
100000,53,2,10354685.9863763,10736437.223592035,2307029.09680973,8099672.88329007,1.0368674856695805,0.22280048857542342,0.7822229369337554,0.8140669970941571,-0.559422448358332,576,2313.449553,0,0.0
100000,53,3,10174090.2728574,10736437.223592035,2341721.01911603,8178025.26648502,1.055272455389439,0.23016515052587166,0.8038089939404691,0.8251073048635673,-0.5736438434145974,576,2269.115489,0,0.0
100000,53,4,10154976.7349026,10736437.223592035,2283565.22117974,7932175.28164307,1.0572586726556408,0.2248715364685316,0.7811121077589698,0.8323871361871091,-0.5562405712904381,576,2328.172145,0,0.0
100000,71,0,10009256.26993,10704169.44076814,2609270.34850603,8056824.53205163,1.0694270535290231,0.2606857370956572,0.80493738143723,0.8087413164333659,-0.5442516443415728,472,1928.555762,0,0.0
100000,71,1,10030991.067896,10704169.44076814,2657624.75045717,8207606.42749084,1.0671098566747443,0.2649413933746635,0.8182248764789685,0.8021684633000808,-0.553283483104305,472,1890.552284,0,0.0
100000,71,2,10064647.4548898,10704169.44076814,2618841.29270107,8143252.39585397,1.0635414194828687,0.2602019896314137,0.8090946486056656,0.803339429851455,-0.5488926589742519,472,1932.316886,0,0.0
100000,71,3,10523199.2720084,10704169.44076814,2644385.87867213,8159624.12880754,1.0171972576097763,0.2512910580061112,0.7753938624456209,0.7659061996036651,-0.5241028044395097,472,1864.800637,0,0.0
100000,71,4,10062689.559751,10704169.44076814,2673489.78689138,8270461.84751674,1.063748352486491,0.2656834210194531,0.8218937688982418,0.7980649314670379,-0.5562103478787888,472,1891.413245,0,0.0
1000000,11,0,11165443.4117636,12418219.119463943,5947759.79792196,8540037.26349612,1.1122011604465663,0.5326935598147018,0.7648632435411007,0.5795076006318645,-0.2321696837263989,72,292.014893,0,0.0
1000000,11,1,11788080.4254235,12418219.119463943,6184772.69293866,9267494.30321101,1.0534555815110844,0.5246632589645286,0.7861750148246095,0.5287923225465558,-0.2615117558600809,72,283.946874,0,0.0
1000000,11,2,10899119.613695,12418219.119463943,6113073.12978056,9178501.29774096,1.1393781846251287,0.5608776989748181,0.8421323577555713,0.5785004856503106,-0.2812546587807532,72,281.323763,0,0.0
1000000,11,3,11324636.4006352,12418219.119463943,6095690.23801078,8798213.26729596,1.09656669584265,0.5382680752265805,0.7769091170823346,0.5582986206160696,-0.23864104185575408,72,279.778863,0,0.0
1000000,11,4,11597523.5014797,12418219.119463943,5891605.61074994,8971366.94757039,1.070764729890785,0.5080054901374629,0.7735588504240369,0.5627592397533221,-0.26555336028657406,72,297.6426,0,0.0
1000000,23,0,11461282.3344107,12028509.853770308,6823007.57016511,9083086.6623593,1.0494907552932884,0.5953092656726641,0.7925017809821122,0.4541814896206243,-0.19719251530944815,48,197.828179,0,0.0
1000000,23,1,11562071.4796418,12028509.853770308,6859135.010205,9175750.84428217,1.0403421112687117,0.5932444737331358,0.7936078634731326,0.44709763753557585,-0.2003633897399968,48,193.091695,0,0.0
1000000,23,2,11498310.4687302,12028509.853770308,6722892.10471202,8823900.05709134,1.0461110687941495,0.5846852129271521,0.767408401528907,0.46142585586699736,-0.18272318860175485,48,195.282836,0,0.0
1000000,23,3,11510712.4779487,12028509.853770308,6856310.8254101,9113887.59600545,1.0449839553210598,0.5956460852049663,0.7917744113116459,0.4493378701160935,-0.19612832610667963,48,190.543701,0,0.0
1000000,23,4,11244407.8945216,12028509.853770308,6911743.46457004,8725607.75439526,1.0697326143451922,0.6146827409149324,0.7759953068446114,0.4550498734302598,-0.16131256592967902,48,187.131749,0,0.0
1000000,37,0,11642290.9866455,12244584.412860282,7860443.69550975,9118868.49505117,1.051733239351744,0.6751629644479952,0.7832537861758595,0.37657027490374884,-0.10809082172786433,32,129.98355,0,0.0
1000000,37,1,11501385.6627917,12244584.412860282,7744694.68374766,9261718.11678429,1.0646181922646865,0.6733705755822653,0.8052697638639325,0.39124761668242114,-0.13189918828166713,32,136.24054,0,0.0
1000000,37,2,11101024.7939901,12244584.412860282,7387534.95479575,9104589.53126217,1.1030138784564543,0.6654822497824914,0.8201575710551728,0.4375316286739629,-0.15467532127268147,32,135.373949,0,0.0
1000000,37,3,11198423.6776317,12244584.412860282,7683058.25941071,8946946.97982407,1.0934203567702332,0.6860839061445085,0.7989469980221552,0.40733645062572466,-0.11286309187764665,32,132.313706,0,0.0
1000000,37,4,10946096.7086068,12244584.412860282,7893169.76749117,8785372.79356735,1.1186256378707575,0.7210944666042329,0.8026032500388476,0.3975311712665246,-0.08150878343461465,32,135.650141,0,0.0
1000000,53,0,11380587.438246,11878697.849776914,6442080.25782329,9117320.26027768,1.0437684270898835,0.5660586760375664,0.8011291429155664,0.47770975105231706,-0.23507046687799993,64,269.764873,0,0.0
1000000,53,1,10704149.2977751,11878697.849776914,6370140.66583476,8826626.44653093,1.1097283417231436,0.5951094747117194,0.8245985926565486,0.5146188670114242,-0.22948911794482918,64,262.058462,0,0.0
1000000,53,2,11342229.014816,11878697.849776914,6494996.39085066,9148567.98220131,1.0472983603364157,0.5726384454384098,0.8065934808978747,0.47465991489800585,-0.23395503545946494,64,262.688345,0,0.0
1000000,53,3,11211265.2802595,11878697.849776914,6442329.68072224,8771714.57130252,1.059532314402783,0.5746300278939724,0.7824018388671549,0.4849022865088106,-0.20777181097318242,64,264.885396,0,0.0
1000000,53,4,11138890.0920747,11878697.849776914,6416899.80605864,8507329.5259092,1.0664166493777136,0.5760807183674658,0.7637501991299968,0.49033593101024786,-0.18766948076253098,64,257.806528,0,0.0
1000000,71,0,11260948.8713801,12359442.50277534,6557754.92206952,8639661.93569607,1.0975489404971086,0.5823447914532468,0.7672232628330213,0.5152041490438618,-0.18487847137977453,56,223.394209,0,0.0
1000000,71,1,11236299.3035653,12359442.50277534,6402935.28584169,9168440.88604418,1.0999566822551323,0.5698437815562662,0.8159662392701675,0.5301129006988661,-0.2461224577139013,56,224.572639,0,0.0
1000000,71,2,10988911.9318191,12359442.50277534,6559980.58287731,8875494.49751027,1.1247194062032457,0.5969636141939099,0.8076772798415742,0.5277557920093359,-0.21071366564766436,56,224.223186,0,0.0
1000000,71,3,11307589.6018997,12359442.50277534,6386695.20793044,8557580.70655434,1.0930218497405428,0.5648149104082678,0.756799725479659,0.528206939332275,-0.1919848150713912,56,226.11825,0,0.0
1000000,71,4,11674089.2121336,12359442.50277534,6369837.79681966,9400595.52434225,1.058707217170262,0.5456389514480577,0.8052530140485505,0.5130682657222043,-0.2596140626004928,56,228.299107,0,0.0
5000000,11,0,12182004.2501941,12548554.718829919,9194230.63682501,9322881.06850778,1.030089504248037,0.7547387480741122,0.7652994430993763,0.2753507561739247,-0.010560695025264022,8,38.31461,0,0.0
5000000,11,1,11813036.5867356,12548554.718829919,8498640.71253182,9292551.93459757,1.0622632569275374,0.7194289673219681,0.7866353300752337,0.3428342896055693,-0.06720636275326553,8,41.17711,0,0.0
5000000,11,2,12278611.5232635,12548554.718829919,9271141.22252517,9647793.74387734,1.021984830699707,0.7550643006303874,0.7857397984778884,0.2669205300693196,-0.03067549784750101,8,37.376302,0,0.0
5000000,11,3,12591741.0168785,12548554.718829919,9091979.0102027,9426331.51539774,0.9965702679247697,0.7220589271980283,0.7486122453409968,0.2745113407267413,-0.026553318142968463,8,39.2034,0,0.0
5000000,11,4,12647373.3119982,12548554.718829919,8769952.62335659,9949715.77816028,0.9921866311106248,0.693420871433975,0.7867021501390545,0.29876575967664976,-0.09328127870507952,8,38.38474,0,0.0
5000000,23,0,12543569.8861666,12802247.410976863,8829502.39354389,9447309.04804668,1.0206223210105074,0.7039066608367457,0.7531595178869642,0.31671566017376174,-0.049252857050218535,16,70.74041,0,0.0
5000000,23,1,11525434.4197284,12802247.410976863,8988438.88564229,10101105.9696886,1.1107822008915262,0.7798785328435459,0.8764186755857343,0.3309036680479803,-0.09654014274218836,16,71.495028,0,0.0
5000000,23,2,12153667.3629284,12802247.410976863,8978215.63019085,9483203.39519165,1.0533649662016247,0.7387248113747592,0.7802750488398008,0.31464015482686547,-0.041550237465041606,16,70.442528,0,0.0
5000000,23,3,12374379.108413,12802247.410976863,8549705.83305006,9251467.51056456,1.034576951200159,0.6909199854106094,0.7476308451124422,0.34365696578954963,-0.05671085970183276,16,73.261239,0,0.0
5000000,23,4,12543703.1397983,12802247.410976863,8929881.68938163,9495658.0177887,1.020611478787174,0.7119015485187271,0.7570059584446917,0.30870993026844695,-0.04510440992596454,16,73.158951,0,0.0
5000000,37,0,11932480.2893861,12877958.653371748,8569846.11751212,8838884.72525858,1.0792356945962567,0.7181948689355866,0.740741615397491,0.3610408256606701,-0.022546746461904354,8,39.43063,0,0.0
5000000,37,1,12178587.9734442,12877958.653371748,8667503.24367874,9280216.10104241,1.05742625347475,0.7117001792472581,0.7620108440550102,0.3457260742274919,-0.05031066480775204,8,42.03222,0,0.0
5000000,37,2,12328793.3751732,12877958.653371748,8664681.70072989,9744228.57721408,1.044543311051381,0.7028004636835082,0.7903635238819298,0.34174284736787286,-0.08756306019842153,8,37.643059,0,0.0
5000000,37,3,12044236.8342406,12877958.653371748,8708144.30981745,9637336.19690716,1.069221639411885,0.723013373920134,0.8001616316202904,0.346208265491751,-0.07714825770015643,8,42.43171,0,0.0
5000000,37,4,11916810.892949,12877958.653371748,8669971.45459584,9170005.51534567,1.080654779962267,0.7275412467714607,0.7695016391316092,0.3531135331908063,-0.04196039236014848,8,41.24784,0,0.0
5000000,53,0,12194010.3184715,13009061.183173228,8851312.86279291,9533836.35029757,1.0668402636552707,0.7258738209680642,0.7818458490112727,0.34096644268720655,-0.055972028043208555,8,39.11518,0,0.0
5000000,53,1,12146373.7687991,13009061.183173228,8893756.54066311,9074774.34836257,1.0710242769401803,0.7322149564925192,0.7471179893766586,0.3388093204476611,-0.014903032884139411,8,38.60598,0,0.0
5000000,53,2,12482297.7146013,13009061.183173228,9171311.51942085,9790269.94902241,1.0422008415931099,0.7347454554534948,0.7843323539359375,0.3074553861396151,-0.04958689848244269,8,40.024391,0,0.0
5000000,53,3,12512480.7772791,13009061.183173228,8816914.60456536,9259246.36490136,1.039686806695907,0.7046496023854545,0.7400008463321555,0.3350372043104526,-0.03535124394670097,8,36.877399,0,0.0
5000000,53,4,12100603.4587886,13009061.183173228,8458905.43201724,9248712.99464958,1.0750754065678287,0.6990482301833951,0.7643183272758427,0.3760271763844336,-0.06527009709244758,8,37.80645,0,0.0
5000000,71,0,11908220.8601575,13016188.384481566,8830283.36567405,9525917.48233613,1.0930422384112057,0.7415283499836987,0.7999446427978109,0.3515138884275071,-0.0584162928141122,8,38.5016,0,0.0
5000000,71,1,11619517.8604928,13016188.384481566,9420697.49547968,10159709.5366678,1.1202003853135376,0.810764922313234,0.8743658436303581,0.30943546300030356,-0.06360092131712403,8,37.150189,0,0.0
5000000,71,2,12082823.4970855,13016188.384481566,9134943.8468927,9691599.64386822,1.077247250000896,0.7560272521647065,0.8020972619691028,0.3212199978361896,-0.04607000980439635,8,39.817548,0,0.0
5000000,71,3,12559660.1598111,13016188.384481566,8991618.2553369,9761461.71751213,1.0363487720894935,0.7159125438846377,0.7772074716437984,0.32043622820485584,-0.06129492775916079,8,38.69072,0,0.0
5000000,71,4,12140626.2923697,13016188.384481566,8762981.51367554,8870024.83755084,1.07211836284444,0.7217899062738645,0.7306068586532137,0.35032845657057543,-0.008816952379349208,8,41.18917,0,0.0
10000000,11,0,13617599.5250704,13741388.783516103,9655357.72208205,9554415.51059457,1.0090903876426827,0.7090352234478811,0.7016225945699615,0.3000551641948016,0.0074126288779196026,8,39.86619,0,0.0
10000000,11,1,12925080.9342072,13741388.783516103,10112896.6567298,10280085.2611356,1.0631568849328041,0.7824242423090179,0.7953594498529275,0.2807326426237863,-0.012935207543909644,8,39.9992,0,0.0
10000000,11,2,12993951.6559457,13741388.783516103,9824670.03884973,10007797.4953561,1.0575219261515718,0.7560956281035733,0.7701889125296836,0.3014262980479985,-0.014093284426110242,8,39.01557,0,0.0
10000000,11,3,12148599.6739824,13741388.783516103,9810975.48686765,9739765.27640984,1.1311088645833676,0.8075807706363856,0.8017191723971816,0.323528093946982,0.005861598239203958,8,44.03725,0,0.0
10000000,11,4,12309976.4939029,13741388.783516103,9729538.69207823,9777393.60182107,1.11628066798683,0.7903783323142207,0.7942658222510651,0.3259023356726093,-0.0038874899368444016,8,39.636771,0,0.0
10000000,23,0,12447010.4935742,14287416.89677528,9721111.24367359,10122539.4336126,1.1478593116115066,0.7809996825094778,0.8132506547526722,0.36685962910202874,-0.0322509722431944,8,39.378892,0,0.0
10000000,23,1,12931381.411656,14287416.89677528,9669766.5643314,9858150.39377164,1.104863930770535,0.7477752187879426,0.762343177418444,0.3570887119825924,-0.01456795863050142,8,39.21718,0,0.0
10000000,23,2,12657358.8643383,14287416.89677528,9795042.66974279,10487144.010462,1.1287834255082723,0.7738614962826097,0.828541255949469,0.35492192922566257,-0.05467975966685934,8,40.326721,0,0.0
10000000,23,3,12480314.7060118,14287416.89677528,9608225.85888959,9673829.34371922,1.1447962037281796,0.7698704788478836,0.775127035783746,0.37492572488029596,-0.005256556935862355,8,41.34627,0,0.0
10000000,23,4,12405115.9506994,14287416.89677528,9722858.58871844,10249018.2649886,1.151735860717187,0.7837781305196317,0.8261928631477854,0.3679577301975553,-0.04241473262815365,8,40.39407,0,0.0
10000000,37,0,13486914.8387752,14051762.497183342,10280794.8466586,10591178.6424714,1.0418811614932268,0.76227921430193,0.785292913099852,0.27960194719129683,-0.023013698797922033,8,38.07961,0,0.0
10000000,37,1,12307660.0881317,14051762.497183342,10081461.5564211,9970467.99227123,1.1417086917060282,0.8191208957860863,0.8101026450905783,0.3225877959199419,0.00901825069550799,8,39.872729,0,0.0
10000000,37,2,13476136.5927567,14051762.497183342,9966016.8095191,10541223.66511,1.0427144605180119,0.7395307060686623,0.7822140709656958,0.30318375444934953,-0.042683364897033504,8,39.335251,0,0.0
10000000,37,3,13283703.0101094,14051762.497183342,10057478.5097985,9449573.05690255,1.0578196822444328,0.7571291304950418,0.7113658781524299,0.30069055174939097,0.045763252342611915,8,37.58012,0,0.0
10000000,37,4,12725731.2964611,14051762.497183342,9513290.18959197,9729020.34005226,1.1042007857804603,0.7475633398166691,0.764515619055842,0.3566374459637912,-0.016952279239172863,8,39.266349,0,0.0
10000000,53,0,12637022.4924607,13947678.4309625,9627816.4593276,10194202.4414693,1.1037155658529327,0.7618738088874651,0.8066933842644661,0.3418417569654676,-0.044819575377000986,8,39.10064,0,0.0
10000000,53,1,12771975.4331512,13947678.4309625,9799056.1547152,10055622.6869485,1.0920533400619938,0.767231052549676,0.7873192944646543,0.3248222875123178,-0.020088241914978267,8,44.161081,0,0.0
10000000,53,2,13173747.6781204,13947678.4309625,9962365.689179,9861509.905367,1.0587479562954951,0.7562286702761872,0.7485728546133819,0.3025192860193079,0.007655815662805376,8,40.85967,0,0.0
10000000,53,3,12643710.8354656,13947678.4309625,9865541.66448704,9405614.28396555,1.1031317160338143,0.7802726424914909,0.7438966618552212,0.32285907354232346,0.03637598063626968,8,37.993159,0,0.0
10000000,53,4,12960038.1487536,13947678.4309625,9816962.26731178,10159016.8765022,1.0762065875789018,0.7574794267296121,0.7838724516007091,0.31872716084928965,-0.02639302487109696,8,38.72772,0,0.0
10000000,71,0,11804050.3514186,13416471.882302938,10021284.9285924,9398561.08537305,1.136599004822998,0.8489700255631366,0.7962149267046746,0.2876289792598613,0.05275509885846197,8,39.716133,0,0.0
10000000,71,1,13387102.792344,13416471.882302938,9219712.50614882,9813446.77908099,1.0021938346492516,0.6887011065173502,0.7330523214248597,0.31349272813190143,-0.044351214907509484,8,39.410493,0,0.0
10000000,71,2,13006600.8265076,13416471.882302938,9618488.43686336,10237803.4109716,1.0315125420747915,0.7395082362534546,0.7871236726283505,0.29200430582133685,-0.04761543637489585,8,38.72885,0,0.0
10000000,71,3,11967712.82935,13416471.882302938,10160009.0890629,10067818.8716869,1.1210556330696668,0.8489516112173221,0.8412483667719918,0.2721040218523447,0.007703244445330326,8,38.84533,0,0.0
10000000,71,4,13348230.5637623,13416471.882302938,10015533.2106428,10375455.4763998,1.0051123868601655,0.750326656615665,0.7772906998300604,0.25478573024450046,-0.026964043214395383,8,36.089861,0,0.0
