records,seed,repetition,machine,source_id,git_commit,workload_fingerprint,static_ops_sec,adaptive_v2_ops_sec,throughput_ratio,adaptive_penalty_us_op,rebuild_count,rebuild_total_ms,rebuild_time_fraction,rebuild_us_op,derived_recurring_penalty_us_op,monitor_work_ms,static_origin,adaptive_origin
5000000,53,2,f410f7064c081e00,fcc52a7d6e6685418f60,56dd79874a5162d0f1ffe186653e53beb90a7b73,2580791029606895918,2371484.95565161,2311802.64834332,0.9748333603525259,0.01088615400000037,0,0.0,0.0,0.0,0.01088615400000037,157.571968000001,adaptive_scale_results.zip:raw/kaggle/f410f7064c081e00/adaptive_scale/6a8464e469fab0d514732083.csv,adaptive_scale_results.zip:raw/kaggle/f410f7064c081e00/adaptive_scale/000a30a2a961b82ced2c9367.csv
100000,37,3,f410f7064c081e00,fcc52a7d6e6685418f60,56dd79874a5162d0f1ffe186653e53beb90a7b73,5960364508252281699,5986863.50436146,4994271.04671096,0.8342049293545123,0.033197051000000116,1,1.167494,0.005830781481408769,0.001167494,0.03202955700000012,85.8434560000001,adaptive_scale_results.zip:raw/kaggle/f410f7064c081e00/adaptive_scale/ff3daa90d59d7ee6ca5c7809.csv,adaptive_scale_results.zip:raw/kaggle/f410f7064c081e00/adaptive_scale/0153e3cdafa8a64b4ae14178.csv
1000000,23,4,f410f7064c081e00,fcc52a7d6e6685418f60,56dd79874a5162d0f1ffe186653e53beb90a7b73,14459683760098294956,3469380.77527435,3079559.3692545,0.8876394863319598,0.0364859060000004,0,0.0,0.0,0.0,0.0364859060000004,152.32192,adaptive_scale_results.zip:raw/kaggle/f410f7064c081e00/adaptive_scale/04119d9fa80786b172a729a8.csv,adaptive_scale_results.zip:raw/kaggle/f410f7064c081e00/adaptive_scale/e42aa13d32df3971e7dde944.csv
100000,23,2,f410f7064c081e00,fcc52a7d6e6685418f60,56dd79874a5162d0f1ffe186653e53beb90a7b73,10237541980171874262,5436948.05054857,4853205.15229071,0.8926340857351097,0.022122682000000254,1,1.2863,0.0062426777873915455,0.0012863,0.020836382000000254,86.739328000002,adaptive_scale_results.zip:raw/kaggle/f410f7064c081e00/adaptive_scale/04bb27bb94ffbadd61ef9112.csv,adaptive_scale_results.zip:raw/kaggle/f410f7064c081e00/adaptive_scale/5e6fad7c8cbdfe0baff914ef.csv
1000000,37,7,f410f7064c081e00,fcc52a7d6e6685418f60,56dd79874a5162d0f1ffe186653e53beb90a7b73,14447331433965088331,3407830.91395343,2952170.15253063,0.8662900909909913,0.045292074000000015,0,0.0,0.0,0.0,0.045292074000000015,157.724928000001,adaptive_scale_results.zip:raw/kaggle/f410f7064c081e00/adaptive_scale/054c5e9538af45e8b4e14fb8.csv,adaptive_scale_results.zip:raw/kaggle/f410f7064c081e00/adaptive_scale/5fe672d800febf88f38bdc28.csv
5000000,53,6,f410f7064c081e00,fcc52a7d6e6685418f60,56dd79874a5162d0f1ffe186653e53beb90a7b73,2580791029606895918,2352991.39761169,2324199.23730333,0.9877635930426331,0.005264784000000078,0,0.0,0.0,0.0,0.005264784000000078,160.037376,adaptive_scale_results.zip:raw/kaggle/f410f7064c081e00/adaptive_scale/0561c9da76220b75a0e607aa.csv,adaptive_scale_results.zip:raw/kaggle/f410f7064c081e00/adaptive_scale/d8bf2453703a81ed884201fc.csv
1000000,23,3,f410f7064c081e00,fcc52a7d6e6685418f60,56dd79874a5162d0f1ffe186653e53beb90a7b73,14459683760098294956,3512056.34330179,3123835.60980042,0.8894605622595473,0.03538580499999966,0,0.0,0.0,0.0,0.03538580499999966,148.68096,adaptive_scale_results.zip:raw/kaggle/f410f7064c081e00/adaptive_scale/a538032de0383efc5acbebe2.csv,adaptive_scale_results.zip:raw/kaggle/f410f7064c081e00/adaptive_scale/05808bd092f3330604080e67.csv
100000,11,9,f410f7064c081e00,fcc52a7d6e6685418f60,56dd79874a5162d0f1ffe186653e53beb90a7b73,15663928211263378834,5909563.00258987,4953996.83857719,0.8383017215327254,0.03263996400000024,1,1.153543,0.005714648375162851,0.001153543,0.03148642100000024,84.2645760000013,adaptive_scale_results.zip:raw/kaggle/f410f7064c081e00/adaptive_scale/0a83187cedcf6f99ae57eddd.csv,adaptive_scale_results.zip:raw/kaggle/f410f7064c081e00/adaptive_scale/1f0b0151d8f0c3d06e053950.csv
5000000,53,7,f410f7064c081e00,fcc52a7d6e6685418f60,56dd79874a5162d0f1ffe186653e53beb90a7b73,2580791029606895918,2457866.93167912,2246733.4803714,0.9140989088601791,0.03823377000000061,0,0.0,0.0,0.0,0.03823377000000061,159.636864000001,adaptive_scale_results.zip:raw/kaggle/f410f7064c081e00/adaptive_scale/6fe5198abfc1de3b08de493f.csv,adaptive_scale_results.zip:raw/kaggle/f410f7064c081e00/adaptive_scale/0a8e6460a3b02ba4abdd7152.csv
1000000,71,6,f410f7064c081e00,fcc52a7d6e6685418f60,56dd79874a5162d0f1ffe186653e53beb90a7b73,14366480261085116920,3187267.18885705,2891212.97694808,0.9071134629239744,0.03212718600000031,0,0.0,0.0,0.0,0.03212718600000031,167.536384,adaptive_scale_results.zip:raw/kaggle/f410f7064c081e00/adaptive_scale/0dd8d580edcf1eb216bf1faf.csv,adaptive_scale_results.zip:raw/kaggle/f410f7064c081e00/adaptive_scale/3a764619e682a8c794329c34.csv
5000000,11,1,f410f7064c081e00,fcc52a7d6e6685418f60,56dd79874a5162d0f1ffe186653e53beb90a7b73,14551602995985918760,2497964.22160849,2085832.76935892,0.8350130683680528,0.07909882999999851,0,0.0,0.0,0.0,0.07909882999999851,173.317376000001,adaptive_scale_results.zip:raw/kaggle/f410f7064c081e00/adaptive_scale/0ef3fece4a3482b8ba879977.csv,adaptive_scale_results.zip:raw/kaggle/f410f7064c081e00/adaptive_scale/823a6df52a8b2297b78e085c.csv
100000,71,3,f410f7064c081e00,fcc52a7d6e6685418f60,56dd79874a5162d0f1ffe186653e53beb90a7b73,10269775820206429711,5853919.66138025,5045881.97775907,0.8619663865645434,0.027355696000000124,1,1.239969,0.006256737230079942,0.001239969,0.026115727000000123,84.1899520000002,adaptive_scale_results.zip:raw/kaggle/f410f7064c081e00/adaptive_scale/0fa582d545feee728c53e3b8.csv,adaptive_scale_results.zip:raw/kaggle/f410f7064c081e00/adaptive_scale/ddcd8ef3f9f474c68bc4f411.csv
5000000,37,8,f410f7064c081e00,fcc52a7d6e6685418f60,56dd79874a5162d0f1ffe186653e53beb90a7b73,11936875521368446152,2504925.82391106,2124459.63200807,0.8481127910969635,0.07149451400000034,0,0.0,0.0,0.0,0.07149451400000034,177.923584,adaptive_scale_results.zip:raw/kaggle/f410f7064c081e00/adaptive_scale/107eda3c5faa3a1dacf8ccd1.csv,adaptive_scale_results.zip:raw/kaggle/f410f7064c081e00/adaptive_scale/c62190aaf84df75408222eb0.csv
100000,23,5,f410f7064c081e00,fcc52a7d6e6685418f60,56dd79874a5162d0f1ffe186653e53beb90a7b73,10237541980171874262,5750931.4050353,4935699.24036331,0.8582434553195674,0.02872066100000012,1,1.168461,0.005767172070094155,0.001168461,0.02755220000000012,90.7229440000022,adaptive_scale_results.zip:raw/kaggle/f410f7064c081e00/adaptive_scale/e1ca3201db714adc1ac60ce9.csv,adaptive_scale_results.zip:raw/kaggle/f410f7064c081e00/adaptive_scale/10c51c3c24077126dda3504a.csv
1000000,11,6,f410f7064c081e00,fcc52a7d6e6685418f60,56dd79874a5162d0f1ffe186653e53beb90a7b73,4057802302394275910,3438069.6677304,3042832.50169526,0.8850409665211785,0.03778026999999973,0,0.0,0.0,0.0,0.03778026999999973,157.706752,adaptive_scale_results.zip:raw/kaggle/f410f7064c081e00/adaptive_scale/72a93e05e87eefb876a0de34.csv,adaptive_scale_results.zip:raw/kaggle/f410f7064c081e00/adaptive_scale/1161667193f92e182f4914b7.csv
100000,71,9,f410f7064c081e00,fcc52a7d6e6685418f60,56dd79874a5162d0f1ffe186653e53beb90a7b73,10269775820206429711,5391465.98866466,5005351.19593682,0.9283840807788399,0.014307871000000083,1,1.164894,0.005830703576039626,0.001164894,0.013142977000000083,86.9204480000016,adaptive_scale_results.zip:raw/kaggle/f410f7064c081e00/adaptive_scale/b7cdfe39242ab745a80aa78a.csv,adaptive_scale_results.zip:raw/kaggle/f410f7064c081e00/adaptive_scale/11cd929854afe86e2c9cc41a.csv
5000000,23,8,f410f7064c081e00,fcc52a7d6e6685418f60,56dd79874a5162d0f1ffe186653e53beb90a7b73,2197823823780452369,2478467.53259332,2295084.73109712,0.9260096010600876,0.03223863499999968,0,0.0,0.0,0.0,0.03223863499999968,156.993152000001,adaptive_scale_results.zip:raw/kaggle/f410f7064c081e00/adaptive_scale/1290e7f45307f12ef8c3b997.csv,adaptive_scale_results.zip:raw/kaggle/f410f7064c081e00/adaptive_scale/4818707d1c6319eee41f6a0e.csv
5000000,53,1,f410f7064c081e00,fcc52a7d6e6685418f60,56dd79874a5162d0f1ffe186653e53beb90a7b73,2580791029606895918,2472108.08821926,2219190.81250388,0.8976916596322596,0.04610164199999883,0,0.0,0.0,0.0,0.04610164199999883,157.596544,adaptive_scale_results.zip:raw/kaggle/f410f7064c081e00/adaptive_scale/773d15bd8229208354c49737.csv,adaptive_scale_results.zip:raw/kaggle/f410f7064c081e00/adaptive_scale/13c9355a8754deda0ad3cc59.csv
100000,53,8,f410f7064c081e00,fcc52a7d6e6685418f60,56dd79874a5162d0f1ffe186653e53beb90a7b73,4353454279886767390,6040436.09266635,5018840.42582813,0.8308738556014967,0.03369825100000001,1,1.235722,0.006201891528685192,0.001235722,0.03246252900000001,86.5889280000015,adaptive_scale_results.zip:raw/kaggle/f410f7064c081e00/adaptive_scale/a23da2e2f3ec645de882eb66.csv,adaptive_scale_results.zip:raw/kaggle/f410f7064c081e00/adaptive_scale/1414ed558447fd4d7fe307ee.csv
5000000,71,6,f410f7064c081e00,fcc52a7d6e6685418f60,56dd79874a5162d0f1ffe186653e53beb90a7b73,16050922487824501562,2533423.43639569,2272971.76183533,0.8971937849714909,0.045229868999999034,0,0.0,0.0,0.0,0.045229868999999034,150.142336,adaptive_scale_results.zip:raw/kaggle/f410f7064c081e00/adaptive_scale/f8d74314ae536b177e02ce0a.csv,adaptive_scale_results.zip:raw/kaggle/f410f7064c081e00/adaptive_scale/17f04e025a08e370cc4e2c7c.csv
1000000,11,1,f410f7064c081e00,fcc52a7d6e6685418f60,56dd79874a5162d0f1ffe186653e53beb90a7b73,4057802302394275910,3425763.30494184,3016358.35080438,0.8804923406275991,0.039619848000000235,0,0.0,0.0,0.0,0.039619848000000235,152.008064,adaptive_scale_results.zip:raw/kaggle/f410f7064c081e00/adaptive_scale/195683fc230b8595105d8354.csv,adaptive_scale_results.zip:raw/kaggle/f410f7064c081e00/adaptive_scale/a89f4d49d96b91fd89d6f992.csv
1000000,11,0,f410f7064c081e00,fcc52a7d6e6685418f60,56dd79874a5162d0f1ffe186653e53beb90a7b73,4057802302394275910,3412071.03519717,2996061.33582307,0.8780770695912371,0.04069440399999974,0,0.0,0.0,0.0,0.04069440399999974,155.63328,adaptive_scale_results.zip:raw/kaggle/f410f7064c081e00/adaptive_scale/19d2ac6cd50359b3c7506d6e.csv,adaptive_scale_results.zip:raw/kaggle/f410f7064c081e00/adaptive_scale/2f1cba16574e13ac1cbc59cf.csv
5000000,23,5,f410f7064c081e00,fcc52a7d6e6685418f60,56dd79874a5162d0f1ffe186653e53beb90a7b73,2197823823780452369,2438095.26781678,2339300.78514748,0.9594788259616424,0.017321916999999243,0,0.0,0.0,0.0,0.017321916999999243,157.404928000001,adaptive_scale_results.zip:raw/kaggle/f410f7064c081e00/adaptive_scale/866bcb3c5cccd20e21b9796c.csv,adaptive_scale_results.zip:raw/kaggle/f410f7064c081e00/adaptive_scale/1b0181e6a38a91b1ddbdb59e.csv
5000000,71,1,f410f7064c081e00,fcc52a7d6e6685418f60,56dd79874a5162d0f1ffe186653e53beb90a7b73,16050922487824501562,2390513.62152551,2198252.65117403,0.9195733633892499,0.03658662100000026,0,0.0,0.0,0.0,0.03658662100000026,171.479936000001,adaptive_scale_results.zip:raw/kaggle/f410f7064c081e00/adaptive_scale/1c40f62fb6b8b9f3720312b1.csv,adaptive_scale_results.zip:raw/kaggle/f410f7064c081e00/adaptive_scale/b1ee6aeb7dcf29e9d5742fb5.csv
5000000,53,8,f410f7064c081e00,fcc52a7d6e6685418f60,56dd79874a5162d0f1ffe186653e53beb90a7b73,2580791029606895918,2451372.68989471,2272661.01949342,0.9270973070973691,0.03207811999999938,0,0.0,0.0,0.0,0.03207811999999938,184.126336,adaptive_scale_results.zip:raw/kaggle/f410f7064c081e00/adaptive_scale/1d3b9f03eee23f0bea383947.csv,adaptive_scale_results.zip:raw/kaggle/f410f7064c081e00/adaptive_scale/77317aa89833778db38590e3.csv
5000000,23,0,f410f7064c081e00,fcc52a7d6e6685418f60,56dd79874a5162d0f1ffe186653e53beb90a7b73,2197823823780452369,2554988.13527385,2290970.35295587,0.896665750156338,0.04510501400000111,0,0.0,0.0,0.0,0.04510501400000111,157.194752000002,adaptive_scale_results.zip:raw/kaggle/f410f7064c081e00/adaptive_scale/35731bdbee772e466642a0d1.csv,adaptive_scale_results.zip:raw/kaggle/f410f7064c081e00/adaptive_scale/21fa910625a6f8ce847c36f5.csv
100000,11,6,f410f7064c081e00,fcc52a7d6e6685418f60,56dd79874a5162d0f1ffe186653e53beb90a7b73,15663928211263378834,5902821.53039278,4945845.58738704,0.8378782183946426,0.03277938600000016,1,1.175689,0.005814776252789488,0.0011756890000000002,0.03160369700000016,85.942144,adaptive_scale_results.zip:raw/kaggle/f410f7064c081e00/adaptive_scale/231aef2b38eb36708ba43153.csv,adaptive_scale_results.zip:raw/kaggle/f410f7064c081e00/adaptive_scale/8200244210dae0c760d368ab.csv
100000,37,6,f410f7064c081e00,fcc52a7d6e6685418f60,56dd79874a5162d0f1ffe186653e53beb90a7b73,5960364508252281699,5650053.00597228,4993502.32993074,0.8837974306882528,0.02327075499999995,1,1.167997,0.0058323957408521095,0.0011679969999999998,0.022102757999999948,88.548736,adaptive_scale_results.zip:raw/kaggle/f410f7064c081e00/adaptive_scale/256c1a6aa38a33555c5da353.csv,adaptive_scale_results.zip:raw/kaggle/f410f7064c081e00/adaptive_scale/fbc7c55ca6cabe39510eb6d7.csv
1000000,37,2,f410f7064c081e00,fcc52a7d6e6685418f60,56dd79874a5162d0f1ffe186653e53beb90a7b73,14447331433965088331,3442720.96057038,3044987.79768337,0.8844712750634559,0.03794062000000081,0,0.0,0.0,0.0,0.03794062000000081,152.141056,adaptive_scale_results.zip:raw/kaggle/f410f7064c081e00/adaptive_scale/b459eeed64f5d8baec6577e9.csv,adaptive_scale_results.zip:raw/kaggle/f410f7064c081e00/adaptive_scale/26685fadecd4005850b07245.csv
100000,11,0,f410f7064c081e00,fcc52a7d6e6685418f60,56dd79874a5162d0f1ffe186653e53beb90a7b73,15663928211263378834,5134632.63500618,4758548.8519763,0.926755464360611,0.015392199999999884,1,1.184644,0.005637186346200608,0.001184644,0.014207555999999883,92.7767040000013,adaptive_scale_results.zip:raw/kaggle/f410f7064c081e00/adaptive_scale/74ef4a16fe78fe5f50b3b7df.csv,adaptive_scale_results.zip:raw/kaggle/f410f7064c081e00/adaptive_scale/2850366a8223ddc9eb098a58.csv
1000000,71,1,f410f7064c081e00,fcc52a7d6e6685418f60,56dd79874a5162d0f1ffe186653e53beb90a7b73,14366480261085116920,3409689.47620381,3062719.47505184,0.8982399999843181,0.03322537400000025,0,0.0,0.0,0.0,0.03322537400000025,161.874176,adaptive_scale_results.zip:raw/kaggle/f410f7064c081e00/adaptive_scale/294533a34685f3c8dfd8e4c5.csv,adaptive_scale_results.zip:raw/kaggle/f410f7064c081e00/adaptive_scale/e6a172310fde7006006d5d04.csv
100000,37,9,f410f7064c081e00,fcc52a7d6e6685418f60,56dd79874a5162d0f1ffe186653e53beb90a7b73,5960364508252281699,5949858.31870129,4871612.64350285,0.8187779242054634,0.03719960699999991,1,1.164593,0.005673445983334914,0.001164593,0.036035013999999914,86.8236800000007,adaptive_scale_results.zip:raw/kaggle/f410f7064c081e00/adaptive_scale/2a88656b683a586cd85148be.csv,adaptive_scale_results.zip:raw/kaggle/f410f7064c081e00/adaptive_scale/5fae79842ed6c6831e8b20d4.csv
100000,71,4,f410f7064c081e00,fcc52a7d6e6685418f60,56dd79874a5162d0f1ffe186653e53beb90a7b73,10269775820206429711,5958635.10741524,5107549.88217087,0.8571677557188835,0.027964923999999836,1,1.185201,0.006053473227898793,0.001185201,0.026779722999999835,84.6361600000003,adaptive_scale_results.zip:raw/kaggle/f410f7064c081e00/adaptive_scale/5585679577e9a73f955bba63.csv,adaptive_scale_results.zip:raw/kaggle/f410f7064c081e00/adaptive_scale/2b0aebc6790291525f1ee145.csv
1000000,71,4,f410f7064c081e00,fcc52a7d6e6685418f60,56dd79874a5162d0f1ffe186653e53beb90a7b73,14366480261085116920,3434795.54503171,2875014.73732554,0.8370264545976048,0.056686160000000596,0,0.0,0.0,0.0,0.056686160000000596,157.181312,adaptive_scale_results.zip:raw/kaggle/f410f7064c081e00/adaptive_scale/cd4f688f49ae344d3d68c966.csv,adaptive_scale_results.zip:raw/kaggle/f410f7064c081e00/adaptive_scale/2bc4462d699058a6e830a7f2.csv
5000000,11,9,f410f7064c081e00,fcc52a7d6e6685418f60,56dd79874a5162d0f1ffe186653e53beb90a7b73,14551602995985918760,2416947.04098274,2277282.71283653,0.942214568305385,0.025374729000001428,0,0.0,0.0,0.0,0.025374729000001428,157.243008000001,adaptive_scale_results.zip:raw/kaggle/f410f7064c081e00/adaptive_scale/b60eb6ccfb351f9cfeaeccfa.csv,adaptive_scale_results.zip:raw/kaggle/f410f7064c081e00/adaptive_scale/2d9a0e4f62f9e5b4038c0d59.csv
1000000,11,9,f410f7064c081e00,fcc52a7d6e6685418f60,56dd79874a5162d0f1ffe186653e53beb90a7b73,4057802302394275910,3445532.76650322,3149444.55167603,0.9140660574452518,0.02728542799999989,0,0.0,0.0,0.0,0.02728542799999989,146.753408,adaptive_scale_results.zip:raw/kaggle/f410f7064c081e00/adaptive_scale/2df9ea1f74563f1a5c09dbbd.csv,adaptive_scale_results.zip:raw/kaggle/f410f7064c081e00/adaptive_scale/8031285e7c8463fcaf0dafef.csv
1000000,53,1,f410f7064c081e00,fcc52a7d6e6685418f60,56dd79874a5162d0f1ffe186653e53beb90a7b73,1622021116069090774,3422363.0156509,3101437.96868814,0.9062270584695051,0.03023531100000021,0,0.0,0.0,0.0,0.03023531100000021,151.90848,adaptive_scale_results.zip:raw/kaggle/f410f7064c081e00/adaptive_scale/2ea6ed1bfca48be5507c7ec6.csv,adaptive_scale_results.zip:raw/kaggle/f410f7064c081e00/adaptive_scale/f5904783ebac23c7cd024038.csv
100000,11,5,f410f7064c081e00,fcc52a7d6e6685418f60,56dd79874a5162d0f1ffe186653e53beb90a7b73,15663928211263378834,5924063.26001474,4972870.57914851,0.8394357657713696,0.03228803800000027,1,1.182002,0.005877942970294702,0.001182002,0.031106036000000267,87.1600639999997,adaptive_scale_results.zip:raw/kaggle/f410f7064c081e00/adaptive_scale/2ee4cb6c3c5dddda11582149.csv,adaptive_scale_results.zip:raw/kaggle/f410f7064c081e00/adaptive_scale/90ff53b7ae43abed5b2c3a62.csv
5000000,37,7,f410f7064c081e00,fcc52a7d6e6685418f60,56dd79874a5162d0f1ffe186653e53beb90a7b73,11936875521368446152,2450561.36418242,2270152.19266021,0.9263804717730871,0.0324293359999992,0,0.0,0.0,0.0,0.0324293359999992,159.250688000001,adaptive_scale_results.zip:raw/kaggle/f410f7064c081e00/adaptive_scale/2efef2fc695289b57075b8b9.csv,adaptive_scale_results.zip:raw/kaggle/f410f7064c081e00/adaptive_scale/58ce04470350b5826e2ae8bb.csv
100000,37,0,f410f7064c081e00,fcc52a7d6e6685418f60,56dd79874a5162d0f1ffe186653e53beb90a7b73,5960364508252281699,5968880.82201278,4907595.1124691,0.8221968671866025,0.03623019599999999,1,1.209257,0.005934543742919045,0.001209257,0.035020938999999994,89.1550720000009,adaptive_scale_results.zip:raw/kaggle/f410f7064c081e00/adaptive_scale/311310f4f4cf127b2952105d.csv,adaptive_scale_results.zip:raw/kaggle/f410f7064c081e00/adaptive_scale/34d06082baf4e7da21738957.csv
5000000,53,4,f410f7064c081e00,fcc52a7d6e6685418f60,56dd79874a5162d0f1ffe186653e53beb90a7b73,2580791029606895918,2447488.76748893,2267759.9610007,0.9265660341834264,0.03238171899999909,0,0.0,0.0,0.0,0.03238171899999909,154.508160000001,adaptive_scale_results.zip:raw/kaggle/f410f7064c081e00/adaptive_scale/3f1835de33db2db2563c1542.csv,adaptive_scale_results.zip:raw/kaggle/f410f7064c081e00/adaptive_scale/320a4b9c3bfc9c83a5662710.csv
5000000,23,6,f410f7064c081e00,fcc52a7d6e6685418f60,56dd79874a5162d0f1ffe186653e53beb90a7b73,2197823823780452369,2494375.32084214,2293523.07386733,0.919477936902054,0.03510845999999901,0,0.0,0.0,0.0,0.03510845999999901,156.876288,adaptive_scale_results.zip:raw/kaggle/f410f7064c081e00/adaptive_scale/320c491f845d78e56de50773.csv,adaptive_scale_results.zip:raw/kaggle/f410f7064c081e00/adaptive_scale/c13501ae78280b6cfe307188.csv
5000000,11,5,f410f7064c081e00,fcc52a7d6e6685418f60,56dd79874a5162d0f1ffe186653e53beb90a7b73,14551602995985918760,2435661.72161168,2235856.41501817,0.9179667255018901,0.03668986699999843,0,0.0,0.0,0.0,0.03668986699999843,160.690816000001,adaptive_scale_results.zip:raw/kaggle/f410f7064c081e00/adaptive_scale/32564ffa6aa4065f40738e5e.csv,adaptive_scale_results.zip:raw/kaggle/f410f7064c081e00/adaptive_scale/8649909d3b3631119cba9246.csv
100000,11,8,f410f7064c081e00,fcc52a7d6e6685418f60,56dd79874a5162d0f1ffe186653e53beb90a7b73,15663928211263378834,5832185.85076719,5006651.58696586,0.8584519963998172,0.028271989999999997,1,1.171823,0.005866909482593099,0.001171823,0.027100166999999998,87.7276160000031,adaptive_scale_results.zip:raw/kaggle/f410f7064c081e00/adaptive_scale/33456bb0df4044554db46b33.csv,adaptive_scale_results.zip:raw/kaggle/f410f7064c081e00/adaptive_scale/3f520347a55494c8e9ec3b48.csv
100000,11,7,f410f7064c081e00,fcc52a7d6e6685418f60,56dd79874a5162d0f1ffe186653e53beb90a7b73,15663928211263378834,5953162.12773277,5101156.70258578,0.8568818710349031,0.028056014999999962,1,1.139978,0.005815206415500334,0.0011399779999999998,0.026916036999999962,84.9931520000008,adaptive_scale_results.zip:raw/kaggle/f410f7064c081e00/adaptive_scale/3362c7520d94552fa7b3c2e0.csv,adaptive_scale_results.zip:raw/kaggle/f410f7064c081e00/adaptive_scale/62ff7c7b83a7bf14d71372bf.csv
100000,37,8,f410f7064c081e00,fcc52a7d6e6685418f60,56dd79874a5162d0f1ffe186653e53beb90a7b73,5960364508252281699,5931941.03717047,5010094.06196087,0.8445960657003901,0.031018166999999847,1,1.160566,0.005814544825113674,0.001160566,0.029857600999999845,87.2298240000005,adaptive_scale_results.zip:raw/kaggle/f410f7064c081e00/adaptive_scale/3369c38fa55392f8b88633b9.csv,adaptive_scale_results.zip:raw/kaggle/f410f7064c081e00/adaptive_scale/b40bcc722a9555332dac2a20.csv
100000,23,8,f410f7064c081e00,fcc52a7d6e6685418f60,56dd79874a5162d0f1ffe186653e53beb90a7b73,10237541980171874262,5668281.71317036,4928269.35980554,0.8694467934355862,0.026490680000000072,1,1.161589,0.005724623477387157,0.001161589,0.02532909100000007,91.0092800000017,adaptive_scale_results.zip:raw/kaggle/f410f7064c081e00/adaptive_scale/3513d529a2a2a824515d9b26.csv,adaptive_scale_results.zip:raw/kaggle/f410f7064c081e00/adaptive_scale/58f9e9f53677da970f88b0e3.csv
100000,71,8,f410f7064c081e00,fcc52a7d6e6685418f60,56dd79874a5162d0f1ffe186653e53beb90a7b73,10269775820206429711,5967308.52986535,4546710.40887007,0.7619365390803189,0.052359495000000145,1,1.152457,0.005239888237675176,0.0011524570000000002,0.05120703800000014,92.4994559999994,adaptive_scale_results.zip:raw/kaggle/f410f7064c081e00/adaptive_scale/382d74670b97529f500e4b3b.csv,adaptive_scale_results.zip:raw/kaggle/f410f7064c081e00/adaptive_scale/4f191d6db1679914f9a766ad.csv
100000,23,9,f410f7064c081e00,fcc52a7d6e6685418f60,56dd79874a5162d0f1ffe186653e53beb90a7b73,10237541980171874262,6041236.83014902,4936859.7118198,0.8171935401012943,0.037028895000000006,1,1.15626,0.005708293410388761,0.0011562599999999999,0.03587263500000001,86.7920640000006,adaptive_scale_results.zip:raw/kaggle/f410f7064c081e00/adaptive_scale/3909d6729803e070b9e20eb5.csv,adaptive_scale_results.zip:raw/kaggle/f410f7064c081e00/adaptive_scale/7646b3daa69182325148d03c.csv
1000000,71,3,f410f7064c081e00,fcc52a7d6e6685418f60,56dd79874a5162d0f1ffe186653e53beb90a7b73,14366480261085116920,3459835.90157471,2977137.2767287,0.8604851101099001,0.04686209499999938,0,0.0,0.0,0.0,0.04686209499999938,156.146944,adaptive_scale_results.zip:raw/kaggle/f410f7064c081e00/adaptive_scale/3929a2c380e3966aa86f64e7.csv,adaptive_scale_results.zip:raw/kaggle/f410f7064c081e00/adaptive_scale/e12c2b15bceedfc61dea86d7.csv
100000,11,4,f410f7064c081e00,fcc52a7d6e6685418f60,56dd79874a5162d0f1ffe186653e53beb90a7b73,15663928211263378834,5958541.90737562,5017804.90293832,0.8421195958573634,0.03146403799999978,1,1.149255,0.0057667373737263754,0.0011492549999999999,0.03031478299999978,87.2619520000015,adaptive_scale_results.zip:raw/kaggle/f410f7064c081e00/adaptive_scale/ac1dc1b6a2ec81612730c053.csv,adaptive_scale_results.zip:raw/kaggle/f410f7064c081e00/adaptive_scale/39d159ecb7d5ee18d468ecce.csv
100000,53,1,f410f7064c081e00,fcc52a7d6e6685418f60,56dd79874a5162d0f1ffe186653e53beb90a7b73,4353454279886767390,5926880.51369174,5051560.7756813,0.8523135845258976,0.02923579899999998,1,1.146467,0.005791447727813015,0.001146467,0.02808933199999998,89.8828800000019,adaptive_scale_results.zip:raw/kaggle/f410f7064c081e00/adaptive_scale/3acc419759f0c7782406a8c6.csv,adaptive_scale_results.zip:raw/kaggle/f410f7064c081e00/adaptive_scale/ad8c1c67c25709e185877af6.csv
5000000,53,0,f410f7064c081e00,fcc52a7d6e6685418f60,56dd79874a5162d0f1ffe186653e53beb90a7b73,2580791029606895918,2489289.7375558,2312956.02804832,0.9291630432379401,0.030626157999999848,0,0.0,0.0,0.0,0.030626157999999848,155.448576,adaptive_scale_results.zip:raw/kaggle/f410f7064c081e00/adaptive_scale/3ae4b613137b8a3fb172ad1c.csv,adaptive_scale_results.zip:raw/kaggle/f410f7064c081e00/adaptive_scale/4aa959916d76f9a2c20ee749.csv
100000,53,7,f410f7064c081e00,fcc52a7d6e6685418f60,56dd79874a5162d0f1ffe186653e53beb90a7b73,4353454279886767390,5829466.10438279,4897589.25376451,0.8401437054556912,0.032639792,1,1.187081,0.005813835148948031,0.0011870810000000002,0.031452711,89.7518080000037,adaptive_scale_results.zip:raw/kaggle/f410f7064c081e00/adaptive_scale/f620c6b65348089ce7cffede.csv,adaptive_scale_results.zip:raw/kaggle/f410f7064c081e00/adaptive_scale/3b8e354ae4a87c92b7d3fdb6.csv
100000,11,2,f410f7064c081e00,fcc52a7d6e6685418f60,56dd79874a5162d0f1ffe186653e53beb90a7b73,15663928211263378834,5800411.58444513,4937507.05940072,0.8512339146141892,0.03012979700000004,1,1.210858,0.005978619922931835,0.001210858,0.028918939000000043,87.4525440000013,adaptive_scale_results.zip:raw/kaggle/f410f7064c081e00/adaptive_scale/417655f729ab4698c772b009.csv,adaptive_scale_results.zip:raw/kaggle/f410f7064c081e00/adaptive_scale/3ec2c7ccd5b9ee3f0e813202.csv
5000000,37,5,f410f7064c081e00,fcc52a7d6e6685418f60,56dd79874a5162d0f1ffe186653e53beb90a7b73,11936875521368446152,2498119.66532791,2154003.68574586,0.8622500017280476,0.06395067900000095,0,0.0,0.0,0.0,0.06395067900000095,165.622016,adaptive_scale_results.zip:raw/kaggle/f410f7064c081e00/adaptive_scale/3f3670fd8ea5333206ff3928.csv,adaptive_scale_results.zip:raw/kaggle/f410f7064c081e00/adaptive_scale/7dde07e06d990282c7ca10c3.csv
1000000,37,5,f410f7064c081e00,fcc52a7d6e6685418f60,56dd79874a5162d0f1ffe186653e53beb90a7b73,14447331433965088331,3175274.58893506,2971817.13770805,0.9359244545539457,0.021561066000000018,0,0.0,0.0,0.0,0.021561066000000018,159.007104,adaptive_scale_results.zip:raw/kaggle/f410f7064c081e00/adaptive_scale/57c4f79a05be59b1c1e08271.csv,adaptive_scale_results.zip:raw/kaggle/f410f7064c081e00/adaptive_scale/3fb90a51e950126bd95b2777.csv
100000,37,4,f410f7064c081e00,fcc52a7d6e6685418f60,56dd79874a5162d0f1ffe186653e53beb90a7b73,5960364508252281699,5321050.3059439,4970521.13150454,0.934124063054281,0.013253326000000093,1,1.166401,0.005797620818308028,0.001166401,0.012086925000000092,86.7502080000005,adaptive_scale_results.zip:raw/kaggle/f410f7064c081e00/adaptive_scale/3fcdb5bdad88f344e575c1e3.csv,adaptive_scale_results.zip:raw/kaggle/f410f7064c081e00/adaptive_scale/4441676e1e729f16307e2f7a.csv
100000,37,7,f410f7064c081e00,fcc52a7d6e6685418f60,56dd79874a5162d0f1ffe186653e53beb90a7b73,5960364508252281699,6012987.13824456,5047513.2262639,0.8394352274861973,0.03181066899999996,1,1.154256,0.005826122426494466,0.0011542559999999998,0.03065641299999996,86.3439360000009,adaptive_scale_results.zip:raw/kaggle/f410f7064c081e00/adaptive_scale/ffd5aa7a66063142db4dfa02.csv,adaptive_scale_results.zip:raw/kaggle/f410f7064c081e00/adaptive_scale/40277d0f5c01877f54aee3c7.csv
1000000,23,1,f410f7064c081e00,fcc52a7d6e6685418f60,56dd79874a5162d0f1ffe186653e53beb90a7b73,14459683760098294956,3428455.81712304,3110683.1295009,0.9073131740432354,0.029796292999999585,0,0.0,0.0,0.0,0.029796292999999585,144.696448,adaptive_scale_results.zip:raw/kaggle/f410f7064c081e00/adaptive_scale/b85c8f1f58b83bd4d8378e27.csv,adaptive_scale_results.zip:raw/kaggle/f410f7064c081e00/adaptive_scale/40a4db8f523a5060fc6101e2.csv
5000000,37,3,f410f7064c081e00,fcc52a7d6e6685418f60,56dd79874a5162d0f1ffe186653e53beb90a7b73,11936875521368446152,2464441.12731216,2310103.82863302,0.937374321111307,0.027109465000000055,0,0.0,0.0,0.0,0.027109465000000055,157.307264,adaptive_scale_results.zip:raw/kaggle/f410f7064c081e00/adaptive_scale/61bc392a56b8b37ed9c8a9a2.csv,adaptive_scale_results.zip:raw/kaggle/f410f7064c081e00/adaptive_scale/41945e6b9b6f4fb3703a4942.csv
100000,71,1,f410f7064c081e00,fcc52a7d6e6685418f60,56dd79874a5162d0f1ffe186653e53beb90a7b73,10269775820206429711,6000182.72956485,5088880.58168714,0.8481209341529837,0.02984528000000014,1,1.222259,0.006219930090892343,0.001222259,0.02862302100000014,85.1900160000014,adaptive_scale_results.zip:raw/kaggle/f410f7064c081e00/adaptive_scale/6cc16d1aa6fd9b4443173547.csv,adaptive_scale_results.zip:raw/kaggle/f410f7064c081e00/adaptive_scale/421966c0d413e1d6edb42a11.csv
5000000,11,0,f410f7064c081e00,fcc52a7d6e6685418f60,56dd79874a5162d0f1ffe186653e53beb90a7b73,14551602995985918760,2353008.33409669,2188918.65665038,0.9302638774931058,0.031858708999999485,0,0.0,0.0,0.0,0.031858708999999485,162.849408000001,adaptive_scale_results.zip:raw/kaggle/f410f7064c081e00/adaptive_scale/91768f62344f8f19cef1dbfd.csv,adaptive_scale_results.zip:raw/kaggle/f410f7064c081e00/adaptive_scale/43d7ad5043243a67b8a25c99.csv
5000000,71,0,f410f7064c081e00,fcc52a7d6e6685418f60,56dd79874a5162d0f1ffe186653e53beb90a7b73,16050922487824501562,2405026.48418772,2286526.39194621,0.9507281549618642,0.021548775999999437,0,0.0,0.0,0.0,0.021548775999999437,156.378112,adaptive_scale_results.zip:raw/kaggle/f410f7064c081e00/adaptive_scale/f600283a079a8faa9d8dbbba.csv,adaptive_scale_results.zip:raw/kaggle/f410f7064c081e00/adaptive_scale/4401528a1f444c48ca15915f.csv
5000000,37,6,f410f7064c081e00,fcc52a7d6e6685418f60,56dd79874a5162d0f1ffe186653e53beb90a7b73,11936875521368446152,2431525.87875303,2282327.8537213,0.938640165693715,0.026884759000000313,0,0.0,0.0,0.0,0.026884759000000313,151.790720000001,adaptive_scale_results.zip:raw/kaggle/f410f7064c081e00/adaptive_scale/c7f370510a561ca2f2683665.csv,adaptive_scale_results.zip:raw/kaggle/f410f7064c081e00/adaptive_scale/4519d6d27c61bfbb5471d467.csv
5000000,71,4,f410f7064c081e00,fcc52a7d6e6685418f60,56dd79874a5162d0f1ffe186653e53beb90a7b73,16050922487824501562,2387801.89301687,2297069.2951657,0.9620016224476085,0.01654211199999972,0,0.0,0.0,0.0,0.01654211199999972,155.516800000001,adaptive_scale_results.zip:raw/kaggle/f410f7064c081e00/adaptive_scale/4682a080de3e13d0dcfc3242.csv,adaptive_scale_results.zip:raw/kaggle/f410f7064c081e00/adaptive_scale/f2cc2ca6aec96be24b0416c8.csv
1000000,23,2,f410f7064c081e00,fcc52a7d6e6685418f60,56dd79874a5162d0f1ffe186653e53beb90a7b73,14459683760098294956,3236769.66192886,2983437.99293481,0.9217331798509616,0.026233768000000324,0,0.0,0.0,0.0,0.026233768000000324,155.193216,adaptive_scale_results.zip:raw/kaggle/f410f7064c081e00/adaptive_scale/9c31006a17e7e4ba2eefdbfc.csv,adaptive_scale_results.zip:raw/kaggle/f410f7064c081e00/adaptive_scale/46f3919c2ae41a172a994492.csv
1000000,11,4,f410f7064c081e00,fcc52a7d6e6685418f60,56dd79874a5162d0f1ffe186653e53beb90a7b73,4057802302394275910,3469352.99501716,3060041.45903291,0.8820207869962723,0.038554776000000235,0,0.0,0.0,0.0,0.038554776000000235,152.84224,adaptive_scale_results.zip:raw/kaggle/f410f7064c081e00/adaptive_scale/4ccfef7d297639523b9b1f74.csv,adaptive_scale_results.zip:raw/kaggle/f410f7064c081e00/adaptive_scale/816048697405a42f71449999.csv
5000000,23,4,f410f7064c081e00,fcc52a7d6e6685418f60,56dd79874a5162d0f1ffe186653e53beb90a7b73,2197823823780452369,2291716.50338412,2297708.08558535,1.0026144517405982,-0.0011378519999994952,0,0.0,0.0,0.0,-0.0011378519999994952,163.042944,adaptive_scale_results.zip:raw/kaggle/f410f7064c081e00/adaptive_scale/4d962915b3d99d32cef45fd7.csv,adaptive_scale_results.zip:raw/kaggle/f410f7064c081e00/adaptive_scale/a133d77ff83f9d676ce93e0d.csv
5000000,71,2,f410f7064c081e00,fcc52a7d6e6685418f60,56dd79874a5162d0f1ffe186653e53beb90a7b73,16050922487824501562,2514230.75981014,2228213.91419543,0.8862408136171605,0.051053978999999194,0,0.0,0.0,0.0,0.051053978999999194,157.744384,adaptive_scale_results.zip:raw/kaggle/f410f7064c081e00/adaptive_scale/aa0e510ce6203067b09925fc.csv,adaptive_scale_results.zip:raw/kaggle/f410f7064c081e00/adaptive_scale/4e08f9e53c4716d2e2c589e1.csv
1000000,11,8,f410f7064c081e00,fcc52a7d6e6685418f60,56dd79874a5162d0f1ffe186653e53beb90a7b73,4057802302394275910,3383464.399778,3065799.71410069,0.9061125969884143,0.030624114999999674,0,0.0,0.0,0.0,0.030624114999999674,148.637952,adaptive_scale_results.zip:raw/kaggle/f410f7064c081e00/adaptive_scale/50cb0fcb6bfd2fdd32386bfa.csv,adaptive_scale_results.zip:raw/kaggle/f410f7064c081e00/adaptive_scale/a1bfac1b21b995215ead183f.csv
100000,23,7,f410f7064c081e00,fcc52a7d6e6685418f60,56dd79874a5162d0f1ffe186653e53beb90a7b73,10237541980171874262,5824078.78478313,4977644.32912437,0.854666379536231,0.029197269000000053,1,1.169801,0.005822853313854019,0.0011698010000000003,0.028027468000000052,88.986112000002,adaptive_scale_results.zip:raw/kaggle/f410f7064c081e00/adaptive_scale/50e7c2f98bdae8508507e3f3.csv,adaptive_scale_results.zip:raw/kaggle/f410f7064c081e00/adaptive_scale/d062691d155084065f72c73e.csv
1000000,53,4,f410f7064c081e00,fcc52a7d6e6685418f60,56dd79874a5162d0f1ffe186653e53beb90a7b73,1622021116069090774,3332903.15552305,3143539.05102409,0.9431834362828216,0.018074076000000328,0,0.0,0.0,0.0,0.018074076000000328,146.859648,adaptive_scale_results.zip:raw/kaggle/f410f7064c081e00/adaptive_scale/52babd4a28a58c2d2c4ae2ed.csv,adaptive_scale_results.zip:raw/kaggle/f410f7064c081e00/adaptive_scale/e9560e3de906bf46ba596daf.csv
100000,37,1,f410f7064c081e00,fcc52a7d6e6685418f60,56dd79874a5162d0f1ffe186653e53beb90a7b73,5960364508252281699,6010802.91553995,4906503.77388154,0.8162809266623224,0.03744398899999973,1,1.266059,0.006211923261456685,0.001266059,0.03617792999999973,87.9612160000031,adaptive_scale_results.zip:raw/kaggle/f410f7064c081e00/adaptive_scale/55e46ca3a228e83819416637.csv,adaptive_scale_results.zip:raw/kaggle/f410f7064c081e00/adaptive_scale/ded57dcc766c391cafde61d6.csv
5000000,37,0,f410f7064c081e00,fcc52a7d6e6685418f60,56dd79874a5162d0f1ffe186653e53beb90a7b73,11936875521368446152,2574951.68064547,2329248.83555843,0.9045796288396957,0.0409661559999997,0,0.0,0.0,0.0,0.0409661559999997,152.337664000001,adaptive_scale_results.zip:raw/kaggle/f410f7064c081e00/adaptive_scale/f619daf2111cdf74977b1815.csv,adaptive_scale_results.zip:raw/kaggle/f410f7064c081e00/adaptive_scale/55ead42cca32bc95eb52b9e5.csv
5000000,37,1,f410f7064c081e00,fcc52a7d6e6685418f60,56dd79874a5162d0f1ffe186653e53beb90a7b73,11936875521368446152,2477068.45824309,2216399.19482561,0.8947670329618727,0.04747924800000081,0,0.0,0.0,0.0,0.04747924800000081,163.817216,adaptive_scale_results.zip:raw/kaggle/f410f7064c081e00/adaptive_scale/560328dd3ea6c67788eb4a3c.csv,adaptive_scale_results.zip:raw/kaggle/f410f7064c081e00/adaptive_scale/96803ca68e91eee27be387a3.csv
5000000,37,4,f410f7064c081e00,fcc52a7d6e6685418f60,56dd79874a5162d0f1ffe186653e53beb90a7b73,11936875521368446152,2456241.68592892,2252962.56466588,0.9172397722799163,0.03673395600000007,0,0.0,0.0,0.0,0.03673395600000007,162.609024000001,adaptive_scale_results.zip:raw/kaggle/f410f7064c081e00/adaptive_scale/573775ba0d9a49bfa2fd9727.csv,adaptive_scale_results.zip:raw/kaggle/f410f7064c081e00/adaptive_scale/fd25402b5e961ebeb701cada.csv
1000000,53,5,f410f7064c081e00,fcc52a7d6e6685418f60,56dd79874a5162d0f1ffe186653e53beb90a7b73,1622021116069090774,3407964.76262585,3030413.71386816,0.8892150960895542,0.036557683000000285,0,0.0,0.0,0.0,0.036557683000000285,153.649792,adaptive_scale_results.zip:raw/kaggle/f410f7064c081e00/adaptive_scale/590ee2152d262a6e27f6dcb8.csv,adaptive_scale_results.zip:raw/kaggle/f410f7064c081e00/adaptive_scale/f9d27b1e12807bb7547627b1.csv
5000000,71,9,f410f7064c081e00,fcc52a7d6e6685418f60,56dd79874a5162d0f1ffe186653e53beb90a7b73,16050922487824501562,2450698.53779856,2233384.21995054,0.9113255610609571,0.03970406799999987,0,0.0,0.0,0.0,0.03970406799999987,153.71008,adaptive_scale_results.zip:raw/kaggle/f410f7064c081e00/adaptive_scale/5a5696fd78cbcb753d7ab60c.csv,adaptive_scale_results.zip:raw/kaggle/f410f7064c081e00/adaptive_scale/70cf3c6489744b79703a9bf2.csv
5000000,11,4,f410f7064c081e00,fcc52a7d6e6685418f60,56dd79874a5162d0f1ffe186653e53beb90a7b73,14551602995985918760,2469917.00977581,2220150.36803144,0.8988765044510378,0.04554803900000082,0,0.0,0.0,0.0,0.04554803900000082,161.246592,adaptive_scale_results.zip:raw/kaggle/f410f7064c081e00/adaptive_scale/9225423f41c8caba23db8ca9.csv,adaptive_scale_results.zip:raw/kaggle/f410f7064c081e00/adaptive_scale/5c348d63136fff5051745d78.csv
100000,37,2,f410f7064c081e00,fcc52a7d6e6685418f60,56dd79874a5162d0f1ffe186653e53beb90a7b73,5960364508252281699,5909549.34775388,4969444.84656916,0.8409177340160401,0.032012080000000054,1,1.155173,0.005740568511745836,0.001155173,0.030856907000000055,86.4101120000019,adaptive_scale_results.zip:raw/kaggle/f410f7064c081e00/adaptive_scale/5d761a3288bb23c876c93238.csv,adaptive_scale_results.zip:raw/kaggle/f410f7064c081e00/adaptive_scale/cbd4c20d551a0626cda2b8c7.csv
1000000,37,0,f410f7064c081e00,fcc52a7d6e6685418f60,56dd79874a5162d0f1ffe186653e53beb90a7b73,14447331433965088331,3368068.20955154,2815967.56221635,0.8360779494401324,0.058211625999999184,0,0.0,0.0,0.0,0.058211625999999184,178.182272,adaptive_scale_results.zip:raw/kaggle/f410f7064c081e00/adaptive_scale/5ee7f8a508dfd988d64f7ec9.csv,adaptive_scale_results.zip:raw/kaggle/f410f7064c081e00/adaptive_scale/ff2a6bb2a1d102fdf5f5b438.csv
1000000,37,8,f410f7064c081e00,fcc52a7d6e6685418f60,56dd79874a5162d0f1ffe186653e53beb90a7b73,14447331433965088331,3502824.09763494,2985103.89870539,0.8521992014160494,0.049512782000000144,0,0.0,0.0,0.0,0.049512782000000144,154.049152,adaptive_scale_results.zip:raw/kaggle/f410f7064c081e00/adaptive_scale/e2e26fcc196b1646c2152c2e.csv,adaptive_scale_results.zip:raw/kaggle/f410f7064c081e00/adaptive_scale/5f85ad0b95e7fdc9445bdc73.csv
100000,53,4,f410f7064c081e00,fcc52a7d6e6685418f60,56dd79874a5162d0f1ffe186653e53beb90a7b73,4353454279886767390,5912724.97467683,5012460.45037128,0.8477411805620546,0.03037606399999973,1,1.182058,0.00592501897504497,0.001182058,0.02919400599999973,84.7260160000007,adaptive_scale_results.zip:raw/kaggle/f410f7064c081e00/adaptive_scale/6204e1e40de877c1627ec2b9.csv,adaptive_scale_results.zip:raw/kaggle/f410f7064c081e00/adaptive_scale/ba38b4a31cf9a12b8a4fd53a.csv
5000000,23,7,f410f7064c081e00,fcc52a7d6e6685418f60,56dd79874a5162d0f1ffe186653e53beb90a7b73,2197823823780452369,2469690.08019713,2332228.11530659,0.9443403988246301,0.02386541899999911,0,0.0,0.0,0.0,0.02386541899999911,154.764800000001,adaptive_scale_results.zip:raw/kaggle/f410f7064c081e00/adaptive_scale/648dcad6b8e8dab4f816695a.csv,adaptive_scale_results.zip:raw/kaggle/f410f7064c081e00/adaptive_scale/f8dfd5737e6d3c8f182344ce.csv
100000,23,3,f410f7064c081e00,fcc52a7d6e6685418f60,56dd79874a5162d0f1ffe186653e53beb90a7b73,10237541980171874262,5957478.42624295,4894804.43626307,0.8216235269440918,0.03644200200000011,1,1.154904,0.005653029222657967,0.001154904,0.035287098000000114,87.3734399999989,adaptive_scale_results.zip:raw/kaggle/f410f7064c081e00/adaptive_scale/82bce72c131d0b1abd4baca1.csv,adaptive_scale_results.zip:raw/kaggle/f410f7064c081e00/adaptive_scale/64f1ac9fbc53d16116826f62.csv
1000000,37,3,f410f7064c081e00,fcc52a7d6e6685418f60,56dd79874a5162d0f1ffe186653e53beb90a7b73,14447331433965088331,3547227.51038958,3036523.49590978,0.8560272739811631,0.04741367100000027,0,0.0,0.0,0.0,0.04741367100000027,157.826688,adaptive_scale_results.zip:raw/kaggle/f410f7064c081e00/adaptive_scale/f2f0cbbaf76d9b79b52d9f52.csv,adaptive_scale_results.zip:raw/kaggle/f410f7064c081e00/adaptive_scale/6691bb5956253e07a68b16dd.csv
1000000,11,2,f410f7064c081e00,fcc52a7d6e6685418f60,56dd79874a5162d0f1ffe186653e53beb90a7b73,4057802302394275910,3389125.67373149,3023154.74426591,0.89201612312516,0.03571893799999998,0,0.0,0.0,0.0,0.03571893799999998,156.104704000001,adaptive_scale_results.zip:raw/kaggle/f410f7064c081e00/adaptive_scale/9cbd16950061af0383fa663e.csv,adaptive_scale_results.zip:raw/kaggle/f410f7064c081e00/adaptive_scale/685a60c91a5fba789c986eed.csv
1000000,53,6,f410f7064c081e00,fcc52a7d6e6685418f60,56dd79874a5162d0f1ffe186653e53beb90a7b73,1622021116069090774,3460387.83999227,3160803.4279343,0.9134246142598169,0.027390309999999973,0,0.0,0.0,0.0,0.027390309999999973,144.290048,adaptive_scale_results.zip:raw/kaggle/f410f7064c081e00/adaptive_scale/69c4220c7b4cf253ade41ae7.csv,adaptive_scale_results.zip:raw/kaggle/f410f7064c081e00/adaptive_scale/e993248c805220b191c34f1e.csv
1000000,71,7,f410f7064c081e00,fcc52a7d6e6685418f60,56dd79874a5162d0f1ffe186653e53beb90a7b73,14366480261085116920,3314296.66510067,2883956.60019077,0.870156443917241,0.045022715000000324,0,0.0,0.0,0.0,0.045022715000000324,160.653312,adaptive_scale_results.zip:raw/kaggle/f410f7064c081e00/adaptive_scale/df33ea2ac1bc306b6a5a62ce.csv,adaptive_scale_results.zip:raw/kaggle/f410f7064c081e00/adaptive_scale/6a45402bbaee593bb7bf64b7.csv
100000,11,3,f410f7064c081e00,fcc52a7d6e6685418f60,56dd79874a5162d0f1ffe186653e53beb90a7b73,15663928211263378834,5794363.38583959,4812839.98713836,0.8306072068072393,0.03519601599999983,1,1.182484,0.005691106279351316,0.0011824840000000001,0.03401353199999983,88.759552000004,adaptive_scale_results.zip:raw/kaggle/f410f7064c081e00/adaptive_scale/ee30f49ffd8260ee6f754678.csv,adaptive_scale_results.zip:raw/kaggle/f410f7064c081e00/adaptive_scale/6b3daab3797aacdf2c1eb710.csv
1000000,23,5,f410f7064c081e00,fcc52a7d6e6685418f60,56dd79874a5162d0f1ffe186653e53beb90a7b73,14459683760098294956,3530335.92773837,3002905.33192898,0.8506004508904408,0.04975166799999958,0,0.0,0.0,0.0,0.04975166799999958,152.010368,adaptive_scale_results.zip:raw/kaggle/f410f7064c081e00/adaptive_scale/6b434c8dc14f2eb207776d09.csv,adaptive_scale_results.zip:raw/kaggle/f410f7064c081e00/adaptive_scale/7bd9aa3ff01ef84a596b8b8b.csv
5000000,23,1,f410f7064c081e00,fcc52a7d6e6685418f60,56dd79874a5162d0f1ffe186653e53beb90a7b73,2197823823780452369,2530313.59972964,2327476.9358673,0.9198373419468587,0.03444187000000065,0,0.0,0.0,0.0,0.03444187000000065,150.434048000001,adaptive_scale_results.zip:raw/kaggle/f410f7064c081e00/adaptive_scale/6b47e2b3d5df4f2a5bdbbd9f.csv,adaptive_scale_results.zip:raw/kaggle/f410f7064c081e00/adaptive_scale/95198c18989b06f7563ec995.csv
5000000,11,7,f410f7064c081e00,fcc52a7d6e6685418f60,56dd79874a5162d0f1ffe186653e53beb90a7b73,14551602995985918760,2427940.00323285,2272237.77074133,0.9358706424853169,0.028222996000000722,0,0.0,0.0,0.0,0.028222996000000722,151.926016000001,adaptive_scale_results.zip:raw/kaggle/f410f7064c081e00/adaptive_scale/f57246bcccebfc97930e4300.csv,adaptive_scale_results.zip:raw/kaggle/f410f7064c081e00/adaptive_scale/6ce0e42a4aeaa46ab3fbe4b7.csv
100000,37,5,f410f7064c081e00,fcc52a7d6e6685418f60,56dd79874a5162d0f1ffe186653e53beb90a7b73,5960364508252281699,5959262.8723162,4931986.01405161,0.8276167908220977,0.03495208800000024,1,1.194017,0.0058888751445398645,0.0011940170000000001,0.03375807100000024,83.8798079999997,adaptive_scale_results.zip:raw/kaggle/f410f7064c081e00/adaptive_scale/98a02e4432b013604f104005.csv,adaptive_scale_results.zip:raw/kaggle/f410f7064c081e00/adaptive_scale/6f533498b17a3f09d319b9a8.csv
1000000,37,1,f410f7064c081e00,fcc52a7d6e6685418f60,56dd79874a5162d0f1ffe186653e53beb90a7b73,14447331433965088331,3295536.4088259,2899453.42113613,0.8798122859061714,0.04145185200000001,0,0.0,0.0,0.0,0.04145185200000001,165.424256,adaptive_scale_results.zip:raw/kaggle/f410f7064c081e00/adaptive_scale/6fced64acc637eb3e4516f49.csv,adaptive_scale_results.zip:raw/kaggle/f410f7064c081e00/adaptive_scale/c55d52fbe6ea7f51dc124e9d.csv
100000,71,7,f410f7064c081e00,fcc52a7d6e6685418f60,56dd79874a5162d0f1ffe186653e53beb90a7b73,10269775820206429711,5841305.23030762,4943936.79497175,0.8463753561995233,0.03107334299999978,1,1.23468,0.006104179882015717,0.0012346800000000002,0.02983866299999978,86.3069439999997,adaptive_scale_results.zip:raw/kaggle/f410f7064c081e00/adaptive_scale/fdd9eedf1fe65b02227aff68.csv,adaptive_scale_results.zip:raw/kaggle/f410f7064c081e00/adaptive_scale/70b87f1cd34fcdb39b80f92c.csv
1000000,11,7,f410f7064c081e00,fcc52a7d6e6685418f60,56dd79874a5162d0f1ffe186653e53beb90a7b73,4057802302394275910,3468283.85343747,2917060.55613812,0.841067421066755,0.05448381200000002,0,0.0,0.0,0.0,0.05448381200000002,167.797504000001,adaptive_scale_results.zip:raw/kaggle/f410f7064c081e00/adaptive_scale/f74981ebad3e13fc89f0d448.csv,adaptive_scale_results.zip:raw/kaggle/f410f7064c081e00/adaptive_scale/70eae6bf1545eec87df0df97.csv
1000000,23,0,f410f7064c081e00,fcc52a7d6e6685418f60,56dd79874a5162d0f1ffe186653e53beb90a7b73,14459683760098294956,3560760.73573635,3053573.5369549,0.8575621232588754,0.0466462900000002,0,0.0,0.0,0.0,0.0466462900000002,154.364416000001,adaptive_scale_results.zip:raw/kaggle/f410f7064c081e00/adaptive_scale/71dc74abd36152e7416dceac.csv,adaptive_scale_results.zip:raw/kaggle/f410f7064c081e00/adaptive_scale/b0221da4864297e8ab482430.csv
1000000,53,3,f410f7064c081e00,fcc52a7d6e6685418f60,56dd79874a5162d0f1ffe186653e53beb90a7b73,1622021116069090774,3302242.39099785,3075097.68001654,0.931215009655099,0.022368392000000126,0,0.0,0.0,0.0,0.022368392000000126,155.573632,adaptive_scale_results.zip:raw/kaggle/f410f7064c081e00/adaptive_scale/a6ce798c9ea0f3f6e4a4879a.csv,adaptive_scale_results.zip:raw/kaggle/f410f7064c081e00/adaptive_scale/7230072de517dc148258bb20.csv
100000,71,5,f410f7064c081e00,fcc52a7d6e6685418f60,56dd79874a5162d0f1ffe186653e53beb90a7b73,10269775820206429711,5984542.20277916,4980371.03794115,0.8322058512058478,0.033691093999999866,1,1.162809,0.005791220266257309,0.0011628089999999999,0.032528284999999865,85.6997120000009,adaptive_scale_results.zip:raw/kaggle/f410f7064c081e00/adaptive_scale/726be5b7215b3c44e4ae6960.csv,adaptive_scale_results.zip:raw/kaggle/f410f7064c081e00/adaptive_scale/fd34f0abe58aa0e99b93ddd3.csv
1000000,37,9,f410f7064c081e00,fcc52a7d6e6685418f60,56dd79874a5162d0f1ffe186653e53beb90a7b73,14447331433965088331,2911148.03003166,3002176.23251831,1.0312688333082327,-0.010415389000000053,0,0.0,0.0,0.0,-0.010415389000000053,152.622592,adaptive_scale_results.zip:raw/kaggle/f410f7064c081e00/adaptive_scale/72ccf0fc1970bcde5a8e35d4.csv,adaptive_scale_results.zip:raw/kaggle/f410f7064c081e00/adaptive_scale/749cb64e4bc4f1a95671d2a8.csv
1000000,53,9,f410f7064c081e00,fcc52a7d6e6685418f60,56dd79874a5162d0f1ffe186653e53beb90a7b73,1622021116069090774,3408720.4470286,2860079.34964107,0.8390477876043535,0.05627543599999962,0,0.0,0.0,0.0,0.05627543599999962,159.743360000001,adaptive_scale_results.zip:raw/kaggle/f410f7064c081e00/adaptive_scale/738c5f22a6dc4f9eb24f2200.csv,adaptive_scale_results.zip:raw/kaggle/f410f7064c081e00/adaptive_scale/b61750125a92ceb38fe5527a.csv
100000,11,1,f410f7064c081e00,fcc52a7d6e6685418f60,56dd79874a5162d0f1ffe186653e53beb90a7b73,15663928211263378834,5908934.73594584,4980918.62374887,0.8429469686724466,0.03153093700000023,1,1.178534,0.005870181949321255,0.001178534,0.030352403000000232,84.0311040000005,adaptive_scale_results.zip:raw/kaggle/f410f7064c081e00/adaptive_scale/9dda634824c92841e8804868.csv,adaptive_scale_results.zip:raw/kaggle/f410f7064c081e00/adaptive_scale/7406c4fc6832ffd7e2d1ed58.csv
1000000,37,6,f410f7064c081e00,fcc52a7d6e6685418f60,56dd79874a5162d0f1ffe186653e53beb90a7b73,14447331433965088331,3320723.21898157,2912378.97012152,0.8770315314067986,0.042222687999999675,0,0.0,0.0,0.0,0.042222687999999675,160.289536,adaptive_scale_results.zip:raw/kaggle/f410f7064c081e00/adaptive_scale/8fd117772f04dc213ed54834.csv,adaptive_scale_results.zip:raw/kaggle/f410f7064c081e00/adaptive_scale/75a4dc73b1ec3e275d0bf71c.csv
1000000,23,8,f410f7064c081e00,fcc52a7d6e6685418f60,56dd79874a5162d0f1ffe186653e53beb90a7b73,14459683760098294956,3283800.05545682,2960815.66539618,0.9016431011005301,0.03321952800000094,0,0.0,0.0,0.0,0.03321952800000094,153.956352000001,adaptive_scale_results.zip:raw/kaggle/f410f7064c081e00/adaptive_scale/7642a31e72ee0b6089f6360a.csv,adaptive_scale_results.zip:raw/kaggle/f410f7064c081e00/adaptive_scale/9d4055944f7bb2e81fecec1c.csv
1000000,53,2,f410f7064c081e00,fcc52a7d6e6685418f60,56dd79874a5162d0f1ffe186653e53beb90a7b73,1622021116069090774,3404308.64076274,3027923.513671,0.889438600664771,0.036513933999999304,0,0.0,0.0,0.0,0.036513933999999304,150.969216000001,adaptive_scale_results.zip:raw/kaggle/f410f7064c081e00/adaptive_scale/76cbc48b81dc79763a2747b5.csv,adaptive_scale_results.zip:raw/kaggle/f410f7064c081e00/adaptive_scale/deedd4295528943264d27afb.csv
5000000,53,3,f410f7064c081e00,fcc52a7d6e6685418f60,56dd79874a5162d0f1ffe186653e53beb90a7b73,2580791029606895918,2459993.26483364,2296195.2070677,0.9334152413718024,0.028997865000000622,0,0.0,0.0,0.0,0.028997865000000622,152.994816,adaptive_scale_results.zip:raw/kaggle/f410f7064c081e00/adaptive_scale/7778fe4dc4e236ca0175219f.csv,adaptive_scale_results.zip:raw/kaggle/f410f7064c081e00/adaptive_scale/ff38b89046e897b102962ea7.csv
5000000,71,7,f410f7064c081e00,fcc52a7d6e6685418f60,56dd79874a5162d0f1ffe186653e53beb90a7b73,16050922487824501562,2390984.79374796,2396450.59784792,1.0022860053791443,-0.0009539129999996954,0,0.0,0.0,0.0,-0.0009539129999996954,153.406208000001,adaptive_scale_results.zip:raw/kaggle/f410f7064c081e00/adaptive_scale/f6fc8cc2c8b8866aef1e1047.csv,adaptive_scale_results.zip:raw/kaggle/f410f7064c081e00/adaptive_scale/7adcc1f16f2b2bf509586a63.csv
1000000,53,8,f410f7064c081e00,fcc52a7d6e6685418f60,56dd79874a5162d0f1ffe186653e53beb90a7b73,1622021116069090774,3259733.8987294,2761715.88368413,0.8472212669753839,0.05532022099999995,0,0.0,0.0,0.0,0.05532022099999995,177.627264,adaptive_scale_results.zip:raw/kaggle/f410f7064c081e00/adaptive_scale/8c5b99c7624a143dcf85a436.csv,adaptive_scale_results.zip:raw/kaggle/f410f7064c081e00/adaptive_scale/7b01bb660b039f385aad0ac7.csv
1000000,53,0,f410f7064c081e00,fcc52a7d6e6685418f60,56dd79874a5162d0f1ffe186653e53beb90a7b73,1622021116069090774,3413563.87251125,3092545.05399002,0.9059578696897015,0.030409299999999917,0,0.0,0.0,0.0,0.030409299999999917,151.086208,adaptive_scale_results.zip:raw/kaggle/f410f7064c081e00/adaptive_scale/c6aead9996f76ae2a4948639.csv,adaptive_scale_results.zip:raw/kaggle/f410f7064c081e00/adaptive_scale/7e706530b74590929b53bcb7.csv
5000000,11,6,f410f7064c081e00,fcc52a7d6e6685418f60,56dd79874a5162d0f1ffe186653e53beb90a7b73,14551602995985918760,2391996.31908125,2178452.5028036,0.9107256919359847,0.04098060800000092,0,0.0,0.0,0.0,0.04098060800000092,161.190016000001,adaptive_scale_results.zip:raw/kaggle/f410f7064c081e00/adaptive_scale/d354987b019a1abd1f0513f1.csv,adaptive_scale_results.zip:raw/kaggle/f410f7064c081e00/adaptive_scale/7eb11b2134212e0f8376e9d1.csv
100000,71,2,f410f7064c081e00,fcc52a7d6e6685418f60,56dd79874a5162d0f1ffe186653e53beb90a7b73,10269775820206429711,5939084.96731716,4964920.30592925,0.8359739477126953,0.03303699600000026,1,1.392974,0.006916004898231496,0.001392974,0.031644022000000264,89.1176960000026,adaptive_scale_results.zip:raw/kaggle/f410f7064c081e00/adaptive_scale/7fb53fd17929149d2e0018c8.csv,adaptive_scale_results.zip:raw/kaggle/f410f7064c081e00/adaptive_scale/941c7d54f4d231113ae3389d.csv
1000000,71,9,f410f7064c081e00,fcc52a7d6e6685418f60,56dd79874a5162d0f1ffe186653e53beb90a7b73,14366480261085116920,3420804.27938784,2982064.31750316,0.87174362341385,0.04300925899999941,0,0.0,0.0,0.0,0.04300925899999941,164.705664,adaptive_scale_results.zip:raw/kaggle/f410f7064c081e00/adaptive_scale/aa9501568a014866c13ae8f7.csv,adaptive_scale_results.zip:raw/kaggle/f410f7064c081e00/adaptive_scale/80297969f61865274add1e24.csv
100000,71,0,f410f7064c081e00,fcc52a7d6e6685418f60,56dd79874a5162d0f1ffe186653e53beb90a7b73,10269775820206429711,5928180.46125904,5053012.97823938,0.8523716528639902,0.02921590500000018,1,1.173281,0.0059286041201216805,0.001173281,0.028042624000000183,86.0350720000019,adaptive_scale_results.zip:raw/kaggle/f410f7064c081e00/adaptive_scale/82e89e735ac7a9557119a574.csv,adaptive_scale_results.zip:raw/kaggle/f410f7064c081e00/adaptive_scale/b0923fc0c7ee307c6d656d0c.csv
1000000,71,5,f410f7064c081e00,fcc52a7d6e6685418f60,56dd79874a5162d0f1ffe186653e53beb90a7b73,14366480261085116920,3379628.47554909,2940029.06371611,0.8699267049578405,0.044242179999999964,0,0.0,0.0,0.0,0.044242179999999964,156.16576,adaptive_scale_results.zip:raw/kaggle/f410f7064c081e00/adaptive_scale/8445d2b4d7235a45166a1765.csv,adaptive_scale_results.zip:raw/kaggle/f410f7064c081e00/adaptive_scale/b9e090f55e02301a36f20215.csv
1000000,71,2,f410f7064c081e00,fcc52a7d6e6685418f60,56dd79874a5162d0f1ffe186653e53beb90a7b73,14366480261085116920,3308911.98563133,2967929.09539038,0.8969501480481683,0.03472112999999999,0,0.0,0.0,0.0,0.03472112999999999,150.495744000001,adaptive_scale_results.zip:raw/kaggle/f410f7064c081e00/adaptive_scale/8527610970deb1ee87e714d4.csv,adaptive_scale_results.zip:raw/kaggle/f410f7064c081e00/adaptive_scale/a561634eedf5c382f47f47f7.csv
1000000,71,8,f410f7064c081e00,fcc52a7d6e6685418f60,56dd79874a5162d0f1ffe186653e53beb90a7b73,14366480261085116920,3494291.62212449,2927106.0525853,0.8376822455378389,0.05545332199999986,0,0.0,0.0,0.0,0.05545332199999986,158.365952000001,adaptive_scale_results.zip:raw/kaggle/f410f7064c081e00/adaptive_scale/98ff3e96f41efa3a4af10e2d.csv,adaptive_scale_results.zip:raw/kaggle/f410f7064c081e00/adaptive_scale/85846a7f74ad1547816e0855.csv
5000000,11,2,f410f7064c081e00,fcc52a7d6e6685418f60,56dd79874a5162d0f1ffe186653e53beb90a7b73,14551602995985918760,2462065.26774991,2280010.89708408,0.926056236993177,0.03243132000000093,0,0.0,0.0,0.0,0.03243132000000093,161.923072,adaptive_scale_results.zip:raw/kaggle/f410f7064c081e00/adaptive_scale/f1deb94eb82a0ae0e6d7e2ef.csv,adaptive_scale_results.zip:raw/kaggle/f410f7064c081e00/adaptive_scale/87c8372162177d17e7914aee.csv
100000,23,4,f410f7064c081e00,fcc52a7d6e6685418f60,56dd79874a5162d0f1ffe186653e53beb90a7b73,10237541980171874262,5811810.5859561,4966361.56668663,0.8545291511542981,0.029291232000000084,1,1.151968,0.0057210896012528665,0.0011519680000000002,0.028139264000000084,90.5105920000024,adaptive_scale_results.zip:raw/kaggle/f410f7064c081e00/adaptive_scale/884734fad40b1caa1fc10997.csv,adaptive_scale_results.zip:raw/kaggle/f410f7064c081e00/adaptive_scale/b466bdc5b1fc8523628c688c.csv
5000000,71,8,f410f7064c081e00,fcc52a7d6e6685418f60,56dd79874a5162d0f1ffe186653e53beb90a7b73,16050922487824501562,2411346.59526216,2352835.64763973,0.9757351565563437,0.0103130209999997,0,0.0,0.0,0.0,0.0103130209999997,152.183295999999,adaptive_scale_results.zip:raw/kaggle/f410f7064c081e00/adaptive_scale/88a245e41ab84aa1e6591987.csv,adaptive_scale_results.zip:raw/kaggle/f410f7064c081e00/adaptive_scale/de3cd43408dfec3b7b5d934a.csv
5000000,53,9,f410f7064c081e00,fcc52a7d6e6685418f60,56dd79874a5162d0f1ffe186653e53beb90a7b73,2580791029606895918,2402288.43149082,2132959.15200643,0.8878863687000114,0.05256248399999863,0,0.0,0.0,0.0,0.05256248399999863,161.449088000001,adaptive_scale_results.zip:raw/kaggle/f410f7064c081e00/adaptive_scale/990d7b64e786df79fc7d4dea.csv,adaptive_scale_results.zip:raw/kaggle/f410f7064c081e00/adaptive_scale/8a64038f82d9706a41ae702f.csv
5000000,37,9,f410f7064c081e00,fcc52a7d6e6685418f60,56dd79874a5162d0f1ffe186653e53beb90a7b73,11936875521368446152,2362470.67722067,2276036.69215139,0.9634137321141419,0.01607455099999966,0,0.0,0.0,0.0,0.01607455099999966,163.652736000001,adaptive_scale_results.zip:raw/kaggle/f410f7064c081e00/adaptive_scale/a622abde0112a8b03aac97fc.csv,adaptive_scale_results.zip:raw/kaggle/f410f7064c081e00/adaptive_scale/8bd7fc8ef4260f4b2a912341.csv
100000,53,6,f410f7064c081e00,fcc52a7d6e6685418f60,56dd79874a5162d0f1ffe186653e53beb90a7b73,4353454279886767390,5912594.26094275,4734267.46111462,0.8007090038949758,0.04209542400000016,1,1.19903,0.005676528713900264,0.00119903,0.04089639400000016,95.0115840000007,adaptive_scale_results.zip:raw/kaggle/f410f7064c081e00/adaptive_scale/f5935ddaab193faa26db04ea.csv,adaptive_scale_results.zip:raw/kaggle/f410f7064c081e00/adaptive_scale/8ca11c22a39d6a8c1a2df70f.csv
5000000,37,2,f410f7064c081e00,fcc52a7d6e6685418f60,56dd79874a5162d0f1ffe186653e53beb90a7b73,11936875521368446152,2512201.06974044,2261232.28299915,0.9001000398557986,0.044179433000001544,0,0.0,0.0,0.0,0.044179433000001544,155.327104000001,adaptive_scale_results.zip:raw/kaggle/f410f7064c081e00/adaptive_scale/b3e2c4b3bc2c7e1b02a0adfd.csv,adaptive_scale_results.zip:raw/kaggle/f410f7064c081e00/adaptive_scale/95f040e15832419c872efab1.csv
100000,53,9,f410f7064c081e00,fcc52a7d6e6685418f60,56dd79874a5162d0f1ffe186653e53beb90a7b73,4353454279886767390,6072338.73910133,4941782.58894356,0.813818662177419,0.03767493500000013,1,1.165558,0.005759934230803881,0.001165558,0.036509377000000134,89.6616960000029,adaptive_scale_results.zip:raw/kaggle/f410f7064c081e00/adaptive_scale/979f97e79aa97a50602215dd.csv,adaptive_scale_results.zip:raw/kaggle/f410f7064c081e00/adaptive_scale/f81cb30e010d7e045a2102b8.csv
5000000,11,8,f410f7064c081e00,fcc52a7d6e6685418f60,56dd79874a5162d0f1ffe186653e53beb90a7b73,14551602995985918760,2520982.68721946,2306294.77998521,0.9148395947649121,0.03692520399999949,0,0.0,0.0,0.0,0.03692520399999949,152.039424,adaptive_scale_results.zip:raw/kaggle/f410f7064c081e00/adaptive_scale/e73bbc7b1f15c8bb96e3f7f7.csv,adaptive_scale_results.zip:raw/kaggle/f410f7064c081e00/adaptive_scale/98d55bf741077bf79e40cd84.csv
100000,23,1,f410f7064c081e00,fcc52a7d6e6685418f60,56dd79874a5162d0f1ffe186653e53beb90a7b73,10237541980171874262,5913001.45378828,4900207.92709283,0.8287175244906149,0.03495412399999989,1,1.283832,0.006291043743455436,0.0012838320000000002,0.03367029199999989,89.9692799999998,adaptive_scale_results.zip:raw/kaggle/f410f7064c081e00/adaptive_scale/ed21ddd778afc8e9529f5ce8.csv,adaptive_scale_results.zip:raw/kaggle/f410f7064c081e00/adaptive_scale/993c8d36b710a5596f4956cf.csv
1000000,71,0,f410f7064c081e00,fcc52a7d6e6685418f60,56dd79874a5162d0f1ffe186653e53beb90a7b73,14366480261085116920,3357175.52389949,3009371.24827329,0.8963997344940096,0.03442588399999963,0,0.0,0.0,0.0,0.03442588399999963,157.53216,adaptive_scale_results.zip:raw/kaggle/f410f7064c081e00/adaptive_scale/d81535ee6d92e639b12cfe4b.csv,adaptive_scale_results.zip:raw/kaggle/f410f7064c081e00/adaptive_scale/9bab922682bb37a48e4c7674.csv
100000,71,6,f410f7064c081e00,fcc52a7d6e6685418f60,56dd79874a5162d0f1ffe186653e53beb90a7b73,10269775820206429711,5743392.67040978,5098199.97292754,0.8876634883757292,0.022034544000000017,1,1.177532,0.00600329361052131,0.001177532,0.02085701200000002,84.1008640000008,adaptive_scale_results.zip:raw/kaggle/f410f7064c081e00/adaptive_scale/ab3213b6043c80335e962614.csv,adaptive_scale_results.zip:raw/kaggle/f410f7064c081e00/adaptive_scale/9cad9182e26ecf015805768c.csv
100000,53,3,f410f7064c081e00,fcc52a7d6e6685418f60,56dd79874a5162d0f1ffe186653e53beb90a7b73,4353454279886767390,5974278.10407957,5037313.80123638,0.8431669422614628,0.03113426400000005,1,1.185249,0.005970471145601621,0.001185249,0.02994901500000005,89.6106240000035,adaptive_scale_results.zip:raw/kaggle/f410f7064c081e00/adaptive_scale/a174ce92fb84fddef2522256.csv,adaptive_scale_results.zip:raw/kaggle/f410f7064c081e00/adaptive_scale/dcb4a57625144af1df0094e1.csv
5000000,23,3,f410f7064c081e00,fcc52a7d6e6685418f60,56dd79874a5162d0f1ffe186653e53beb90a7b73,2197823823780452369,2563985.60033893,2345067.58171704,0.9146180779669935,0.036409151999999334,0,0.0,0.0,0.0,0.036409151999999334,150.358144,adaptive_scale_results.zip:raw/kaggle/f410f7064c081e00/adaptive_scale/fa1461b7d1736f90b1ad94c4.csv,adaptive_scale_results.zip:raw/kaggle/f410f7064c081e00/adaptive_scale/a1d6a1768d277d946ee0e6a9.csv
5000000,11,3,f410f7064c081e00,fcc52a7d6e6685418f60,56dd79874a5162d0f1ffe186653e53beb90a7b73,14551602995985918760,2392910.54116864,2252917.74588749,0.9414968537800913,0.025967724000000136,0,0.0,0.0,0.0,0.025967724000000136,159.434752,adaptive_scale_results.zip:raw/kaggle/f410f7064c081e00/adaptive_scale/a37e38d8ab72682daa5de0ba.csv,adaptive_scale_results.zip:raw/kaggle/f410f7064c081e00/adaptive_scale/db04bcccb3611da3c667ed2b.csv
1000000,11,3,f410f7064c081e00,fcc52a7d6e6685418f60,56dd79874a5162d0f1ffe186653e53beb90a7b73,4057802302394275910,3495009.29448792,3028714.65302598,0.8665827177634844,0.04405079300000042,0,0.0,0.0,0.0,0.04405079300000042,154.046336000001,adaptive_scale_results.zip:raw/kaggle/f410f7064c081e00/adaptive_scale/a47da18e74423d7702b2cc7f.csv,adaptive_scale_results.zip:raw/kaggle/f410f7064c081e00/adaptive_scale/f5384718f136830ad7e35547.csv
5000000,23,2,f410f7064c081e00,fcc52a7d6e6685418f60,56dd79874a5162d0f1ffe186653e53beb90a7b73,2197823823780452369,2345154.63403236,2309642.89350159,0.9848573991601955,0.006556251999999485,0,0.0,0.0,0.0,0.006556251999999485,159.58464,adaptive_scale_results.zip:raw/kaggle/f410f7064c081e00/adaptive_scale/a51285b5fb30b8149090ad70.csv,adaptive_scale_results.zip:raw/kaggle/f410f7064c081e00/adaptive_scale/fdb9e35d5e253eb6f37eeed6.csv
100000,23,0,f410f7064c081e00,fcc52a7d6e6685418f60,56dd79874a5162d0f1ffe186653e53beb90a7b73,10237541980171874262,5984421.0439485,5032418.94348229,0.8409199330269578,0.03161105400000011,1,1.2477,0.006278949115782856,0.0012477,0.03036335400000011,87.712384000002,adaptive_scale_results.zip:raw/kaggle/f410f7064c081e00/adaptive_scale/ad63f93d0471945d2d575b17.csv,adaptive_scale_results.zip:raw/kaggle/f410f7064c081e00/adaptive_scale/b678a91f291ec64050f628d5.csv
1000000,37,4,f410f7064c081e00,fcc52a7d6e6685418f60,56dd79874a5162d0f1ffe186653e53beb90a7b73,14447331433965088331,3375698.87178135,3124709.06029234,0.9256480447390844,0.02379484100000001,0,0.0,0.0,0.0,0.02379484100000001,151.193984,adaptive_scale_results.zip:raw/kaggle/f410f7064c081e00/adaptive_scale/d544bcd4dbb2a2c0baca87a7.csv,adaptive_scale_results.zip:raw/kaggle/f410f7064c081e00/adaptive_scale/b39086f4dc63bb61ee65f942.csv
5000000,23,9,f410f7064c081e00,fcc52a7d6e6685418f60,56dd79874a5162d0f1ffe186653e53beb90a7b73,2197823823780452369,2358825.65836292,2287847.0925998,0.9699093633683886,0.013152380999998492,0,0.0,0.0,0.0,0.013152380999998492,157.128576000001,adaptive_scale_results.zip:raw/kaggle/f410f7064c081e00/adaptive_scale/bece250138ff43d9a67d6c74.csv,adaptive_scale_results.zip:raw/kaggle/f410f7064c081e00/adaptive_scale/c7b7b4bafdcca62c7c8e8256.csv
1000000,53,7,f410f7064c081e00,fcc52a7d6e6685418f60,56dd79874a5162d0f1ffe186653e53beb90a7b73,1622021116069090774,3353447.95130034,2869051.37128864,0.855552676813168,0.050346718999999374,0,0.0,0.0,0.0,0.050346718999999374,159.691263999999,adaptive_scale_results.zip:raw/kaggle/f410f7064c081e00/adaptive_scale/ee762ab7ae91e492de71b7a1.csv,adaptive_scale_results.zip:raw/kaggle/f410f7064c081e00/adaptive_scale/c2a427effa8464931edb936a.csv
5000000,53,5,f410f7064c081e00,fcc52a7d6e6685418f60,56dd79874a5162d0f1ffe186653e53beb90a7b73,2580791029606895918,2473301.31211133,2284089.07932791,0.9234981068190599,0.03349339300000098,0,0.0,0.0,0.0,0.03349339300000098,162.482560000001,adaptive_scale_results.zip:raw/kaggle/f410f7064c081e00/adaptive_scale/e7c86ac85e2a7527d2fdce67.csv,adaptive_scale_results.zip:raw/kaggle/f410f7064c081e00/adaptive_scale/c5552bc4b5fca04010380e2c.csv
5000000,71,5,f410f7064c081e00,fcc52a7d6e6685418f60,56dd79874a5162d0f1ffe186653e53beb90a7b73,16050922487824501562,2555517.93066506,2205100.05640403,0.8628779434273679,0.062184052000000434,0,0.0,0.0,0.0,0.062184052000000434,157.756672000001,adaptive_scale_results.zip:raw/kaggle/f410f7064c081e00/adaptive_scale/fe0b831edbdd900d18523f65.csv,adaptive_scale_results.zip:raw/kaggle/f410f7064c081e00/adaptive_scale/c9d55d5412c79c9816d5644a.csv
100000,53,2,f410f7064c081e00,fcc52a7d6e6685418f60,56dd79874a5162d0f1ffe186653e53beb90a7b73,4353454279886767390,5748836.68265541,5044763.67630514,0.8775277425301539,0.02427710500000005,1,1.182424,0.005965049645191429,0.001182424,0.023094681000000047,83.3470720000003,adaptive_scale_results.zip:raw/kaggle/f410f7064c081e00/adaptive_scale/ca72543c2060a05555733c27.csv,adaptive_scale_results.zip:raw/kaggle/f410f7064c081e00/adaptive_scale/f52497f44aad07b8631f360c.csv
1000000,23,7,f410f7064c081e00,fcc52a7d6e6685418f60,56dd79874a5162d0f1ffe186653e53beb90a7b73,14459683760098294956,3333076.47534989,2992997.72618371,0.8979685129695442,0.034090065000000336,0,0.0,0.0,0.0,0.034090065000000336,154.44864,adaptive_scale_results.zip:raw/kaggle/f410f7064c081e00/adaptive_scale/de8ae8ab64f03354f49d0c19.csv,adaptive_scale_results.zip:raw/kaggle/f410f7064c081e00/adaptive_scale/cb2a7965600d429a98df30cc.csv
100000,53,5,f410f7064c081e00,fcc52a7d6e6685418f60,56dd79874a5162d0f1ffe186653e53beb90a7b73,4353454279886767390,5704018.61116319,5007492.08446948,0.8778884547587985,0.024385769000000057,1,1.177822,0.005897934341914013,0.0011778219999999998,0.02320794700000006,87.4819840000025,adaptive_scale_results.zip:raw/kaggle/f410f7064c081e00/adaptive_scale/cd710bfe93f31af8efc55484.csv,adaptive_scale_results.zip:raw/kaggle/f410f7064c081e00/adaptive_scale/d7ad8646e70da9f031e20fbd.csv
100000,23,6,f410f7064c081e00,fcc52a7d6e6685418f60,56dd79874a5162d0f1ffe186653e53beb90a7b73,10237541980171874262,5727890.40318655,4847813.46451491,0.8463523432323297,0.031694217999999885,1,1.18148,0.005727594652055073,0.00118148,0.030512737999999887,91.4141440000022,adaptive_scale_results.zip:raw/kaggle/f410f7064c081e00/adaptive_scale/d3849c493276312cc6f7e898.csv,adaptive_scale_results.zip:raw/kaggle/f410f7064c081e00/adaptive_scale/e232f64a924249de8fbc4006.csv
1000000,23,6,f410f7064c081e00,fcc52a7d6e6685418f60,56dd79874a5162d0f1ffe186653e53beb90a7b73,14459683760098294956,3304579.73344672,3131694.87859218,0.9476832551187322,0.016705568999999865,0,0.0,0.0,0.0,0.016705568999999865,150.198656,adaptive_scale_results.zip:raw/kaggle/f410f7064c081e00/adaptive_scale/d3a0cdb292f5c1788cfae219.csv,adaptive_scale_results.zip:raw/kaggle/f410f7064c081e00/adaptive_scale/e737e29d9cfea6e24b751098.csv
5000000,71,3,f410f7064c081e00,fcc52a7d6e6685418f60,56dd79874a5162d0f1ffe186653e53beb90a7b73,16050922487824501562,2410560.17236084,2254771.25324216,0.9353723168146,0.02866263399999941,0,0.0,0.0,0.0,0.02866263399999941,155.454592,adaptive_scale_results.zip:raw/kaggle/f410f7064c081e00/adaptive_scale/ef793e3ec5a1405214a2a0ab.csv,adaptive_scale_results.zip:raw/kaggle/f410f7064c081e00/adaptive_scale/d4a872aef14ef5461f5e7850.csv
1000000,11,5,f410f7064c081e00,fcc52a7d6e6685418f60,56dd79874a5162d0f1ffe186653e53beb90a7b73,4057802302394275910,3396776.87111802,3111927.44436603,0.9161412605066891,0.026947523999999556,0,0.0,0.0,0.0,0.026947523999999556,151.526784,adaptive_scale_results.zip:raw/kaggle/f410f7064c081e00/adaptive_scale/fd65982c62f481090b5cf72e.csv,adaptive_scale_results.zip:raw/kaggle/f410f7064c081e00/adaptive_scale/d6005f349a69fa1532155cdb.csv
100000,53,0,f410f7064c081e00,fcc52a7d6e6685418f60,56dd79874a5162d0f1ffe186653e53beb90a7b73,4353454279886767390,5944105.16581911,4931070.48875518,0.8295732244292598,0.034561821000000215,1,1.180668,0.005821957131817603,0.0011806680000000002,0.03338115300000021,89.2099839999993,adaptive_scale_results.zip:raw/kaggle/f410f7064c081e00/adaptive_scale/dd9aea6e19f7280dbe188077.csv,adaptive_scale_results.zip:raw/kaggle/f410f7064c081e00/adaptive_scale/ec75dc30abe3cc25b7208412.csv
1000000,23,9,f410f7064c081e00,fcc52a7d6e6685418f60,56dd79874a5162d0f1ffe186653e53beb90a7b73,14459683760098294956,3407167.40047853,2920805.37364398,0.8572532635859801,0.04887238900000035,0,0.0,0.0,0.0,0.04887238900000035,157.013632,adaptive_scale_results.zip:raw/kaggle/f410f7064c081e00/adaptive_scale/f206268772be147cfbaa5f02.csv,adaptive_scale_results.zip:raw/kaggle/f410f7064c081e00/adaptive_scale/f1390eaf4557edb28c64dd23.csv
