records,seed,best_fanout,oracle_ratio,oracle_headroom_pct,oracle_saving_us_op,machine,source_id,reuse_status
100000,53,64,1.0,0.0,0.0,f410f7064c081e00,b9d01f8835b06ae01fb0,HISTORICAL_UNPAIRED
5000000,23,256,1.0420452205577688,4.2045220557768825,0.018240973999998578,f410f7064c081e00,b9d01f8835b06ae01fb0,HISTORICAL_UNPAIRED
100000,23,128,1.0580424552085583,5.804245520855833,0.009452056999999736,f410f7064c081e00,b9d01f8835b06ae01fb0,HISTORICAL_UNPAIRED
5000000,11,128,1.0580881189344848,5.8088118934484845,0.024299875000001303,f410f7064c081e00,b9d01f8835b06ae01fb0,HISTORICAL_UNPAIRED
1000000,37,128,1.0536196031034162,5.361960310341618,0.014249540999999644,f410f7064c081e00,b9d01f8835b06ae01fb0,HISTORICAL_UNPAIRED
1000000,71,128,1.0374891756131361,3.748917561313614,0.010086718000000161,f410f7064c081e00,b9d01f8835b06ae01fb0,HISTORICAL_UNPAIRED
5000000,71,64,1.0,0.0,0.0,f410f7064c081e00,b9d01f8835b06ae01fb0,HISTORICAL_UNPAIRED
100000,37,128,1.1453448291637773,14.534482916377733,0.023509560999999957,f410f7064c081e00,b9d01f8835b06ae01fb0,HISTORICAL_UNPAIRED
1000000,23,128,1.0103492358366748,1.0349235836674797,0.0028155200000001823,f410f7064c081e00,b9d01f8835b06ae01fb0,HISTORICAL_UNPAIRED
5000000,53,128,1.1038652612371407,10.386526123714068,0.0433658729999995,f410f7064c081e00,b9d01f8835b06ae01fb0,HISTORICAL_UNPAIRED
100000,71,128,1.0014090720055373,0.1409072005537304,0.00023944300000000585,f410f7064c081e00,b9d01f8835b06ae01fb0,HISTORICAL_UNPAIRED
1000000,53,256,1.0636818574208105,6.368185742081045,0.01680153100000048,f410f7064c081e00,b9d01f8835b06ae01fb0,HISTORICAL_UNPAIRED
1000000,11,128,1.1224194236566907,12.241942365669068,0.03181969999999956,f410f7064c081e00,b9d01f8835b06ae01fb0,HISTORICAL_UNPAIRED
100000,11,128,1.0091183475546948,0.9118347554694761,0.0015495080000000327,f410f7064c081e00,b9d01f8835b06ae01fb0,HISTORICAL_UNPAIRED
5000000,37,256,1.0505932245247864,5.059322452478643,0.021002449999999395,f410f7064c081e00,b9d01f8835b06ae01fb0,HISTORICAL_UNPAIRED
