records,seed,pairs,mean_ratio,median_ratio,mean_penalty_us_op
100000,11,10,0.8524612723445307,0.842533282264905,0.02977483810000004
100000,23,10,0.8484326732976081,0.8504407471933139,0.03075528170000006
100000,37,10,0.8461947959176159,0.8368200784203548,0.03103879279999999
100000,53,10,0.841375635619721,0.841655323858577,0.03200792240000004
100000,71,10,0.8512165992653355,0.8502462935084869,0.030088514800000042
1000000,11,10,0.8861617340632042,0.8835308767587253,0.037575990799999945
1000000,23,10,0.8918857109409807,0.8937145376145457,0.035718728100000124
1000000,37,10,0.8944750940806024,0.8784219086564851,0.03569858310000001
1000000,53,10,0.8920483416504175,0.8976982351772362,0.03634913819999991
1000000,71,10,0.8745723927984745,0.8709500336655456,0.042577530499999974
5000000,11,10,0.9153323764078953,0.9220114812475335,0.03830980260000009
5000000,23,10,0.9437809147087787,0.9351749999423589,0.024306124799999662
5000000,37,10,0.9092857957454545,0.9109097005598059,0.04073020970000026
5000000,53,10,0.9302013623297207,0.9268316706403978,0.031062608899999844
5000000,71,10,0.9303334722625787,0.927472840101925,0.031087121899999737
