index,phase,hot_start,hot_end,operations,reads,updates,elapsed_ms,ops_sec,p95_us,p99_us,fanout,adaptations,rebuilds,cost_skips
Static B+Tree f=64,0,0,199999,1000000,949740,50260,215.202400,4646788.33,0.500000,0.800000,64,0,0,0
Static Region x8,0,0,199999,1000000,949740,50260,318.471800,3139995.44,0.700000,1.100000,64,0,0,0
Segmented Adaptive,0,0,199999,1000000,949740,50260,290.696600,3440012.71,0.600000,1.000000,64,57,0,48
Static B+Tree f=64,1,200000,399999,1000000,950476,49524,211.284100,4732963.82,0.500000,0.800000,64,0,0,0
Static Region x8,1,200000,399999,1000000,950476,49524,220.912900,4526670.92,0.500000,0.800000,64,0,0,0
Segmented Adaptive,1,200000,399999,1000000,950476,49524,345.687300,2892787.79,0.700000,1.000000,64,112,0,101
Static B+Tree f=64,2,400000,599999,1000000,949971,50029,257.004000,3890990.02,0.600000,0.900000,64,0,0,0
Static Region x8,2,400000,599999,1000000,949971,50029,301.562800,3316058.88,0.700000,1.200000,64,0,0,0
Segmented Adaptive,2,400000,599999,1000000,949971,50029,433.370100,2307496.53,0.800000,1.100000,64,162,0,149
Static B+Tree f=64,3,600000,799999,1000000,949895,50105,246.970900,4049060.03,0.600000,0.800000,64,0,0,0
Static Region x8,3,600000,799999,1000000,949895,50105,280.835000,3560809.73,0.600000,1.100000,64,0,0,0
Segmented Adaptive,3,600000,799999,1000000,949895,50105,450.173300,2221366.75,0.800000,1.500000,64,213,0,198
Static B+Tree f=64,4,800000,999999,1000000,950252,49748,280.219100,3568636.11,0.700000,0.900000,64,0,0,0
Static Region x8,4,800000,999999,1000000,950252,49748,259.171400,3858450.43,0.600000,0.900000,64,0,0,0
Segmented Adaptive,4,800000,999999,1000000,950252,49748,442.179400,2261525.53,0.800000,1.400000,64,264,0,247
