workload,index,mean_ops_sec,stddev_ops_sec,ci95_ops_sec,cv_percent,ci95_percent,vs_baseline,mean_p95_us,mean_p99_us,mean_adaptations,mean_restructures,mean_monitored_nodes,mean_skipped_hysteresis,mean_skipped_cost,mean_skipped_cooldown,mean_final_fanout,trials
Uniform-B,Static B+Tree,5287196.0,585932.1498518408,727414.2219090308,11.082096253890358,13.758033973187883,1.0,0.34,0.0,0.0,0.0,0.0,0.0,0.0,0.0,64.0,5
Uniform-B,Static Region,6220106.0,430705.66409091954,534705.981905465,6.924410357169468,8.596412696270209,1.1764470240936784,0.3,0.0,0.0,0.0,0.0,0.0,0.0,0.0,64.0,5
Uniform-B,Static Region + Monitor,5191852.0,941019.1752403348,1168242.3149711308,18.124922960830446,22.501456416152283,0.9819670010341965,0.42000000000000004,0.0,0.0,0.0,6091.0,0.0,0.0,0.0,64.0,5
Uniform-B,Segmented No Records,5885210.0,579830.2414931459,719838.916607858,9.852328829271103,12.231320829806549,1.11310607739906,0.32,0.0,0.0,0.0,0.0,0.0,0.0,0.0,64.0,5
Uniform-B,Segmented Records Only,5034298.0,781128.0186819572,969743.0497107132,15.516125956031152,19.262726396226707,0.9521678409500991,0.44000000000000006,0.0,0.0,0.0,0.0,0.0,0.0,0.0,64.0,5
Uniform-B,Segmented Monitor + Records,4897194.0,254265.1630286776,315661.2856451835,5.1920582077956805,6.445758237169766,0.9262365155367798,0.48,0.0,0.0,0.0,6091.0,0.0,0.0,0.0,64.0,5
Uniform-B,Segmented Full Adaptive,4792474.0,331782.2962877917,411896.08892156155,6.922985837540104,8.594644205092433,0.9064301758436797,0.43999999999999995,0.0,16.0,0.0,3071.0,8.0,8.0,0.0,64.0,5
Zipf-A,Static B+Tree,5556730.0,794949.8618780936,986902.3834602073,14.306073209929105,17.7604883350497,1.0,0.38,0.0,0.0,0.0,0.0,0.0,0.0,0.0,64.0,5
Zipf-A,Static Region,5596700.0,590878.6438432176,733555.1207807261,10.557625812411201,13.106922307444139,1.0071930793830184,0.36000000000000004,0.0,0.0,0.0,0.0,0.0,0.0,0.0,64.0,5
Zipf-A,Static Region + Monitor,4876598.0,767609.4223757288,952960.1863435404,15.740674592733066,19.54149565626571,0.8776021149129074,0.42000000000000004,0.0,0.0,0.0,4751.0,0.0,0.0,0.0,64.0,5
Zipf-A,Segmented No Records,5401242.0,453699.4575376964,563251.9703327147,8.39990982699343,10.428193558679924,0.9720180753788649,0.38,0.0,0.0,0.0,0.0,0.0,0.0,0.0,64.0,5
Zipf-A,Segmented Records Only,4897660.0,512403.2330596676,636130.6495539091,10.462205074661524,12.988460806873265,0.8813924736310744,0.43999999999999995,0.0,0.0,0.0,0.0,0.0,0.0,0.0,64.0,5
Zipf-A,Segmented Monitor + Records,4597532.0,299526.0998978219,371851.15196992335,6.514932357139045,8.088060115077466,0.8273808516879532,0.45999999999999996,0.0,0.0,0.0,4751.0,0.0,0.0,0.0,64.0,5
Zipf-A,Segmented Full Adaptive,3909048.0,241564.1179273114,299893.38343640737,6.179615034845093,7.671775415303352,0.7034799243439936,0.5,0.0,9.0,1.0,1689.0,3.0,1.0,0.0,60.0,5
Zipf-B,Static B+Tree,7526324.0,813824.9348785032,1010335.1248510678,10.813046779257753,13.42401848300801,1.0,0.36,0.0,0.0,0.0,0.0,0.0,0.0,0.0,64.0,5
Zipf-B,Static Region,7614934.0,984245.9658947046,1221906.860085141,12.925206783075266,16.046191077757744,1.011773343799709,0.34,0.0,0.0,0.0,0.0,0.0,0.0,0.0,64.0,5
Zipf-B,Static Region + Monitor,6489020.0,1510251.7942714056,1874924.6548332253,23.27395807489275,28.89380299079407,0.8621765419612549,0.44000000000000006,0.0,0.0,0.0,4782.0,0.0,0.0,0.0,64.0,5
Zipf-B,Segmented No Records,7406606.0,187017.68747901893,232175.90237227274,2.5250119620109257,3.134713826714594,0.9840934299400345,0.3,0.0,0.0,0.0,0.0,0.0,0.0,0.0,64.0,5
Zipf-B,Segmented Records Only,7945528.0,544427.0039867604,675887.0384419648,6.851992768595874,8.506508798936519,1.0556983728045723,0.34,0.0,0.0,0.0,0.0,0.0,0.0,0.0,64.0,5
Zipf-B,Segmented Monitor + Records,6444036.0,635340.7599312357,788753.2791114692,9.859360809455994,12.240050786672656,0.8561996533766019,0.42000000000000004,0.0,0.0,0.0,4782.0,0.0,0.0,0.0,64.0,5
Zipf-B,Segmented Full Adaptive,5681950.0,340310.74189628515,422483.8551466516,5.989330104916184,7.435543345975441,0.7549435820195889,0.4,0.0,9.0,1.0,1726.0,3.0,1.0,0.0,60.0,5
