trial,workload,index,operations,run_ms,throughput_ops_sec,p95_sample_us,final_fanout,adaptations,restructures,monitored_nodes,skipped_hysteresis,skipped_cost,skipped_cooldown
1,Uniform-B,Static B+Tree,100000,19.656,5.08751e+006,0.3,64,0,0,0,0,0,0
1,Uniform-B,Static Region,100000,18.1043,5.52355e+006,0.3,64,0,0,0,0,0,0
1,Uniform-B,Static Region + Monitor,100000,22.3838,4.46752e+006,0.5,64,0,0,6091,0,0,0
1,Uniform-B,Segmented No Records,100000,19.0672,5.24461e+006,0.4,64,0,0,0,0,0,0
1,Uniform-B,Segmented Records Only,100000,20.3219,4.9208e+006,0.4,64,0,0,0,0,0,0
1,Uniform-B,Segmented Monitor + Records,100000,22.096,4.52571e+006,0.5,64,0,0,6091,0,0,0
1,Uniform-B,Segmented Full Adaptive,100000,20.0049,4.99878e+006,0.5,64,16,0,3071,8,8,0
1,Zipf-B,Static B+Tree,100000,16.4155,6.0918e+006,0.5,64,0,0,0,0,0,0
1,Zipf-B,Static Region,100000,14.8475,6.73514e+006,0.4,64,0,0,0,0,0,0
1,Zipf-B,Static Region + Monitor,100000,23.8233,4.19757e+006,0.7,64,0,0,4782,0,0,0
1,Zipf-B,Segmented No Records,100000,14.052,7.11642e+006,0.3,64,0,0,0,0,0,0
1,Zipf-B,Segmented Records Only,100000,13.1506,7.60422e+006,0.4,64,0,0,0,0,0,0
1,Zipf-B,Segmented Monitor + Records,100000,15.9098,6.28543e+006,0.4,64,0,0,4782,0,0,0
1,Zipf-B,Segmented Full Adaptive,100000,16.1382,6.19648e+006,0.4,60,9,1,1726,3,1,0
1,Zipf-A,Static B+Tree,100000,20.6922,4.83274e+006,0.4,64,0,0,0,0,0,0
1,Zipf-A,Static Region,100000,16.2919,6.13802e+006,0.3,64,0,0,0,0,0,0
1,Zipf-A,Static Region + Monitor,100000,21.7099,4.60619e+006,0.4,64,0,0,4751,0,0,0
1,Zipf-A,Segmented No Records,100000,17.1677,5.82489e+006,0.4,64,0,0,0,0,0,0
1,Zipf-A,Segmented Records Only,100000,22.4781,4.44877e+006,0.5,64,0,0,0,0,0,0
1,Zipf-A,Segmented Monitor + Records,100000,23.6079,4.23587e+006,0.5,64,0,0,4751,0,0,0
1,Zipf-A,Segmented Full Adaptive,100000,26.3741,3.7916e+006,0.5,60,9,1,1689,3,1,0
2,Uniform-B,Static B+Tree,100000,20.2518,4.93783e+006,0.4,64,0,0,0,0,0,0
2,Uniform-B,Static Region,100000,15.6588,6.38619e+006,0.3,64,0,0,0,0,0,0
2,Uniform-B,Static Region + Monitor,100000,20.409,4.8998e+006,0.5,64,0,0,6091,0,0,0
2,Uniform-B,Segmented No Records,100000,14.7916,6.76059e+006,0.3,64,0,0,0,0,0,0
2,Uniform-B,Segmented Records Only,100000,21.7526,4.59715e+006,0.5,64,0,0,0,0,0,0
2,Uniform-B,Segmented Monitor + Records,100000,19.9493,5.01271e+006,0.5,64,0,0,6091,0,0,0
2,Uniform-B,Segmented Full Adaptive,100000,21.5671,4.63669e+006,0.4,64,16,0,3071,8,8,0
2,Zipf-B,Static B+Tree,100000,13.0232,7.6786e+006,0.4,64,0,0,0,0,0,0
2,Zipf-B,Static Region,100000,13.345,7.49344e+006,0.3,64,0,0,0,0,0,0
2,Zipf-B,Static Region + Monitor,100000,14.9685,6.6807e+006,0.4,64,0,0,4782,0,0,0
2,Zipf-B,Segmented No Records,100000,13.6643,7.31834e+006,0.3,64,0,0,0,0,0,0
2,Zipf-B,Segmented Records Only,100000,13.4401,7.44042e+006,0.4,64,0,0,0,0,0,0
2,Zipf-B,Segmented Monitor + Records,100000,14.6814,6.81134e+006,0.4,64,0,0,4782,0,0,0
2,Zipf-B,Segmented Full Adaptive,100000,18.061,5.53679e+006,0.4,60,9,1,1726,3,1,0
2,Zipf-A,Static B+Tree,100000,20.8967,4.78544e+006,0.5,64,0,0,0,0,0,0
2,Zipf-A,Static Region,100000,20.7764,4.81315e+006,0.4,64,0,0,0,0,0,0
2,Zipf-A,Static Region + Monitor,100000,26.9921,3.70479e+006,0.6,64,0,0,4751,0,0,0
2,Zipf-A,Segmented No Records,100000,18.5218,5.39904e+006,0.4,64,0,0,0,0,0,0
2,Zipf-A,Segmented Records Only,100000,20.7486,4.8196e+006,0.5,64,0,0,0,0,0,0
2,Zipf-A,Segmented Monitor + Records,100000,20.4187,4.89747e+006,0.5,64,0,0,4751,0,0,0
2,Zipf-A,Segmented Full Adaptive,100000,23.9194,4.18071e+006,0.4,60,9,1,1689,3,1,0
3,Uniform-B,Static B+Tree,100000,21.6194,4.62548e+006,0.4,64,0,0,0,0,0,0
3,Uniform-B,Static Region,100000,15.6765,6.37897e+006,0.3,64,0,0,0,0,0,0
3,Uniform-B,Static Region + Monitor,100000,23.7125,4.21719e+006,0.5,64,0,0,6091,0,0,0
3,Uniform-B,Segmented No Records,100000,17.9657,5.56616e+006,0.3,64,0,0,0,0,0,0
3,Uniform-B,Segmented Records Only,100000,23.0126,4.34545e+006,0.5,64,0,0,0,0,0,0
3,Uniform-B,Segmented Monitor + Records,100000,20.6209,4.84945e+006,0.5,64,0,0,6091,0,0,0
3,Uniform-B,Segmented Full Adaptive,100000,22.441,4.45613e+006,0.5,64,16,0,3071,8,8,0
3,Zipf-B,Static B+Tree,100000,12.6118,7.92908e+006,0.3,64,0,0,0,0,0,0
3,Zipf-B,Static Region,100000,14.5708,6.86304e+006,0.4,64,0,0,0,0,0,0
3,Zipf-B,Static Region + Monitor,100000,15.5129,6.44625e+006,0.4,64,0,0,4782,0,0,0
3,Zipf-B,Segmented No Records,100000,13.2729,7.53415e+006,0.3,64,0,0,0,0,0,0
3,Zipf-B,Segmented Records Only,100000,12.0158,8.32238e+006,0.3,64,0,0,0,0,0,0
3,Zipf-B,Segmented Monitor + Records,100000,18.4007,5.43458e+006,0.5,64,0,0,4782,0,0,0
3,Zipf-B,Segmented Full Adaptive,100000,17.4035,5.74597e+006,0.4,60,9,1,1726,3,1,0
3,Zipf-A,Static B+Tree,100000,18.4983,5.4059e+006,0.4,64,0,0,0,0,0,0
3,Zipf-A,Static Region,100000,18.7897,5.32206e+006,0.4,64,0,0,0,0,0,0
3,Zipf-A,Static Region + Monitor,100000,18.3323,5.45485e+006,0.4,64,0,0,4751,0,0,0
3,Zipf-A,Segmented No Records,100000,17.3429,5.76605e+006,0.3,64,0,0,0,0,0,0
3,Zipf-A,Segmented Records Only,100000,22.7377,4.39798e+006,0.4,64,0,0,0,0,0,0
3,Zipf-A,Segmented Monitor + Records,100000,23.1688,4.31615e+006,0.5,64,0,0,4751,0,0,0
3,Zipf-A,Segmented Full Adaptive,100000,26.2411,3.81082e+006,0.6,60,9,1,1689,3,1,0
4,Uniform-B,Static B+Tree,100000,17.3904,5.7503e+006,0.3,64,0,0,0,0,0,0
4,Uniform-B,Static Region,100000,16.2704,6.14613e+006,0.3,64,0,0,0,0,0,0
4,Uniform-B,Static Region + Monitor,100000,16.1539,6.19046e+006,0.3,64,0,0,6091,0,0,0
4,Uniform-B,Segmented No Records,100000,17.3909,5.75013e+006,0.3,64,0,0,0,0,0,0
4,Uniform-B,Segmented Records Only,100000,15.7257,6.35902e+006,0.3,64,0,0,0,0,0,0
4,Uniform-B,Segmented Monitor + Records,100000,20.5023,4.8775e+006,0.5,64,0,0,6091,0,0,0
4,Uniform-B,Segmented Full Adaptive,100000,18.9873,5.26668e+006,0.4,64,16,0,3071,8,8,0
4,Zipf-B,Static B+Tree,100000,12.7097,7.86801e+006,0.3,64,0,0,0,0,0,0
4,Zipf-B,Static Region,100000,10.8779,9.19295e+006,0.3,64,0,0,0,0,0,0
4,Zipf-B,Static Region + Monitor,100000,11.8519,8.43747e+006,0.3,64,0,0,4782,0,0,0
4,Zipf-B,Segmented No Records,100000,13.2923,7.52315e+006,0.3,64,0,0,0,0,0,0
4,Zipf-B,Segmented Records Only,100000,11.4807,8.71027e+006,0.3,64,0,0,0,0,0,0
4,Zipf-B,Segmented Monitor + Records,100000,15.1408,6.60467e+006,0.4,64,0,0,4782,0,0,0
4,Zipf-B,Segmented Full Adaptive,100000,17.6537,5.66453e+006,0.4,60,9,1,1726,3,1,0
4,Zipf-A,Static B+Tree,100000,15.3738,6.50457e+006,0.3,64,0,0,0,0,0,0
4,Zipf-A,Static Region,100000,16.0522,6.22968e+006,0.3,64,0,0,0,0,0,0
4,Zipf-A,Static Region + Monitor,100000,17.7708,5.62721e+006,0.3,64,0,0,4751,0,0,0
4,Zipf-A,Segmented No Records,100000,18.7769,5.32569e+006,0.4,64,0,0,0,0,0,0
4,Zipf-A,Segmented Records Only,100000,17.8808,5.59259e+006,0.4,64,0,0,0,0,0,0
4,Zipf-A,Segmented Monitor + Records,100000,20.9934,4.7634e+006,0.4,64,0,0,4751,0,0,0
4,Zipf-A,Segmented Full Adaptive,100000,24.1518,4.14048e+006,0.5,60,9,1,1689,3,1,0
5,Uniform-B,Static B+Tree,100000,16.5704,6.03486e+006,0.3,64,0,0,0,0,0,0
5,Uniform-B,Static Region,100000,15.0022,6.66569e+006,0.3,64,0,0,0,0,0,0
5,Uniform-B,Static Region + Monitor,100000,16.17,6.18429e+006,0.3,64,0,0,6091,0,0,0
5,Uniform-B,Segmented No Records,100000,16.3812,6.10456e+006,0.3,64,0,0,0,0,0,0
5,Uniform-B,Segmented Records Only,100000,20.2058,4.94907e+006,0.5,64,0,0,0,0,0,0
5,Uniform-B,Segmented Monitor + Records,100000,19.1549,5.2206e+006,0.4,64,0,0,6091,0,0,0
5,Uniform-B,Segmented Full Adaptive,100000,21.7198,4.60409e+006,0.4,64,16,0,3071,8,8,0
5,Zipf-B,Static B+Tree,100000,12.4006,8.06413e+006,0.3,64,0,0,0,0,0,0
5,Zipf-B,Static Region,100000,12.8368,7.7901e+006,0.3,64,0,0,0,0,0,0
5,Zipf-B,Static Region + Monitor,100000,14.9631,6.68311e+006,0.4,64,0,0,4782,0,0,0
5,Zipf-B,Segmented No Records,100000,13.2609,7.54097e+006,0.3,64,0,0,0,0,0,0
5,Zipf-B,Segmented Records Only,100000,13.0713,7.65035e+006,0.3,64,0,0,0,0,0,0
5,Zipf-B,Segmented Monitor + Records,100000,14.116,7.08416e+006,0.4,64,0,0,4782,0,0,0
5,Zipf-B,Segmented Full Adaptive,100000,18.9898,5.26598e+006,0.4,60,9,1,1726,3,1,0
5,Zipf-A,Static B+Tree,100000,15.9872,6.255e+006,0.3,64,0,0,0,0,0,0
5,Zipf-A,Static Region,100000,18.2462,5.48059e+006,0.4,64,0,0,0,0,0,0
5,Zipf-A,Static Region + Monitor,100000,20.0403,4.98995e+006,0.4,64,0,0,4751,0,0,0
5,Zipf-A,Segmented No Records,100000,21.3195,4.69054e+006,0.4,64,0,0,0,0,0,0
5,Zipf-A,Segmented Records Only,100000,19.1228,5.22936e+006,0.4,64,0,0,0,0,0,0
5,Zipf-A,Segmented Monitor + Records,100000,20.9434,4.77477e+006,0.4,64,0,0,4751,0,0,0
5,Zipf-A,Segmented Full Adaptive,100000,27.6119,3.62163e+006,0.5,60,9,1,1689,3,1,0
