trial,phase,index,hot_segment,operations,reads,updates,misses,load_ms,reconfigure_ms,run_ms,throughput_ops_sec,throughput_with_reconfig_ops_sec,p50_us,p95_us,p99_us,max_us,final_fanout,adaptations,restructures
1,Hot-S0,Static B+Tree f=64,0,30000,28490,1510,0,13.7355,0.0001,4.4216,6.78487e+006,6.78472e+006,0.1,0.3,0.7,51.6,64,0,0
1,Hot-S7,Static B+Tree f=64,7,30000,28530,1470,0,0,0.0001,4.4243,6.78073e+006,6.78058e+006,0.1,0.2,0.4,42.5,64,0,0
1,Uniform,Static B+Tree f=64,-1,30000,28502,1498,0,0,0.0001,7.848,3.82263e+006,3.82258e+006,0.2,0.4,0.7,42,64,0,0
1,Hot-S3-A,Static B+Tree f=64,3,30000,15030,14970,0,0,0.0001,5.1118,5.86877e+006,5.86866e+006,0.1,0.3,0.4,13.4,64,0,0
1,Hot-S0,Static B+Tree f=256,0,30000,28490,1510,0,23.2011,0,3.9241,7.64507e+006,7.64507e+006,0.1,0.2,0.5,50.2,256,0,0
1,Hot-S7,Static B+Tree f=256,7,30000,28530,1470,0,0,0,6.0246,4.97958e+006,4.97958e+006,0.1,0.3,0.7,101.9,256,0,0
1,Uniform,Static B+Tree f=256,-1,30000,28502,1498,0,0,0.0001,6.0823,4.93234e+006,4.93226e+006,0.1,0.3,0.5,19.6,256,0,0
1,Hot-S3-A,Static B+Tree f=256,3,30000,15030,14970,0,0,0.0001,6.1718,4.86082e+006,4.86074e+006,0.1,0.3,0.5,32,256,0,0
1,Hot-S0,Static Region f=8,0,30000,28490,1510,0,17.8664,0.0001,8.0593,3.72241e+006,3.72236e+006,0.1,0.6,1.4,88.2,8,0,0
1,Hot-S7,Static Region f=8,7,30000,28530,1470,0,0,0.0001,4.5576,6.58241e+006,6.58227e+006,0.1,0.3,0.6,13.9,8,0,0
1,Uniform,Static Region f=8,-1,30000,28502,1498,0,0,0,12.857,2.33336e+006,2.33336e+006,0.2,0.7,1.2,1593.5,8,0,0
1,Hot-S3-A,Static Region f=8,3,30000,15030,14970,0,0,0,7.2451,4.14073e+006,4.14073e+006,0.2,0.4,0.7,183,8,0,0
1,Hot-S0,Static Region f=16,0,30000,28490,1510,0,14.3926,0.0001,4.891,6.13371e+006,6.13359e+006,0.1,0.3,0.7,13.5,16,0,0
1,Hot-S7,Static Region f=16,7,30000,28530,1470,0,0,0,4.5616,6.57664e+006,6.57664e+006,0.1,0.3,0.6,14,16,0,0
1,Uniform,Static Region f=16,-1,30000,28502,1498,0,0,0.0001,7.2483,4.1389e+006,4.13884e+006,0.2,0.4,0.6,13.5,16,0,0
1,Hot-S3-A,Static Region f=16,3,30000,15030,14970,0,0,0.0001,6.2823,4.77532e+006,4.77525e+006,0.1,0.4,0.6,17.8,16,0,0
1,Hot-S0,Static Region f=32,0,30000,28490,1510,0,13.638,0.0001,5.6251,5.33324e+006,5.33314e+006,0.1,0.4,0.7,84.1,32,0,0
1,Hot-S7,Static Region f=32,7,30000,28530,1470,0,0,0.0001,4.5276,6.62603e+006,6.62588e+006,0.1,0.3,0.6,13.9,32,0,0
1,Uniform,Static Region f=32,-1,30000,28502,1498,0,0,0.0001,5.7548,5.21304e+006,5.21295e+006,0.1,0.3,0.4,46.7,32,0,0
1,Hot-S3-A,Static Region f=32,3,30000,15030,14970,0,0,0,6.3017,4.76062e+006,4.76062e+006,0.1,0.3,0.5,13.6,32,0,0
1,Hot-S0,Static Region x8,0,30000,28490,1510,0,14.2493,0,4.2668,7.03103e+006,7.03103e+006,0.1,0.3,0.5,19.8,64,0,0
1,Hot-S7,Static Region x8,7,30000,28530,1470,0,0,0.0001,5.6972,5.26574e+006,5.26565e+006,0.1,0.4,0.9,62.5,64,0,0
1,Uniform,Static Region x8,-1,30000,28502,1498,0,0,0,5.9973,5.00225e+006,5.00225e+006,0.1,0.3,0.5,119.9,64,0,0
1,Hot-S3-A,Static Region x8,3,30000,15030,14970,0,0,0,6.9865,4.294e+006,4.294e+006,0.2,0.4,0.6,13.8,64,0,0
1,Hot-S0,Static Region f=128,0,30000,28490,1510,0,15.724,0,4.8767,6.1517e+006,6.1517e+006,0.1,0.3,0.5,120.3,128,0,0
1,Hot-S7,Static Region f=128,7,30000,28530,1470,0,0,0.0001,4.6548,6.44496e+006,6.44482e+006,0.1,0.3,0.6,67.5,128,0,0
1,Uniform,Static Region f=128,-1,30000,28502,1498,0,0,0.0001,6.081,4.9334e+006,4.93332e+006,0.1,0.3,0.5,13.5,128,0,0
1,Hot-S3-A,Static Region f=128,3,30000,15030,14970,0,0,0.0001,6.7574,4.43958e+006,4.43951e+006,0.1,0.4,0.6,44.2,128,0,0
1,Hot-S0,Static Region f=256,0,30000,28490,1510,0,19.1139,0,4.7878,6.26593e+006,6.26593e+006,0.1,0.3,0.6,46.2,256,0,0
1,Hot-S7,Static Region f=256,7,30000,28530,1470,0,0,0,3.6385,8.24516e+006,8.24516e+006,0.1,0.2,0.3,13.8,256,0,0
1,Uniform,Static Region f=256,-1,30000,28502,1498,0,0,0.0001,5.7499,5.21748e+006,5.21739e+006,0.1,0.3,0.5,77.7,256,0,0
1,Hot-S3-A,Static Region f=256,3,30000,15030,14970,0,0,0,5.4983,5.45623e+006,5.45623e+006,0.1,0.3,0.4,22.6,256,0,0
1,Hot-S0,Oracle Hot f=8,0,30000,28490,1510,0,22.3208,1.9508,5.0492,5.94154e+006,4.28571e+006,0.1,0.3,0.6,76,57,1,1
1,Hot-S7,Oracle Hot f=8,7,30000,28530,1470,0,0,3.5566,5.171,5.80159e+006,3.43737e+006,0.1,0.3,0.6,71.3,57,2,2
1,Uniform,Oracle Hot f=8,-1,30000,28502,1498,0,0,1.623,7.2603,4.13206e+006,3.37712e+006,0.2,0.4,0.6,39.9,64,1,1
1,Hot-S3-A,Oracle Hot f=8,3,30000,15030,14970,0,0,2.1484,6.5917,4.55118e+006,3.43246e+006,0.1,0.4,0.7,32.8,57,1,1
1,Hot-S0,Oracle Hot f=16,0,30000,28490,1510,0,20.5195,1.4161,5.8129,5.16094e+006,4.14995e+006,0.1,0.3,0.7,202.1,58,1,1
1,Hot-S7,Oracle Hot f=16,7,30000,28530,1470,0,0,5.3609,5.3233,5.6356e+006,2.80788e+006,0.1,0.3,0.6,18,58,2,2
1,Uniform,Oracle Hot f=16,-1,30000,28502,1498,0,0,1.3772,8.932,3.35871e+006,2.91002e+006,0.2,0.5,0.9,170.3,64,1,1
1,Hot-S3-A,Oracle Hot f=16,3,30000,15030,14970,0,0,1.3736,5.9011,5.0838e+006,4.12388e+006,0.1,0.3,0.6,50.3,58,1,1
1,Hot-S0,Oracle Hot f=32,0,30000,28490,1510,0,20.4321,2.9366,4.19,7.1599e+006,4.20958e+006,0.1,0.3,0.5,13.5,60,1,1
1,Hot-S7,Oracle Hot f=32,7,30000,28530,1470,0,0,2.9381,5.172,5.80046e+006,3.69909e+006,0.1,0.3,0.7,55.4,60,2,2
1,Uniform,Oracle Hot f=32,-1,30000,28502,1498,0,0,1.6863,6.4325,4.66382e+006,3.69513e+006,0.1,0.4,0.6,127.6,64,1,1
1,Hot-S3-A,Oracle Hot f=32,3,30000,15030,14970,0,0,1.2866,6.1649,4.86626e+006,4.02604e+006,0.1,0.4,0.7,19.3,60,1,1
1,Hot-S0,Segmented No Adapt,0,30000,28490,1510,0,22.4231,0,4.5977,6.525e+006,6.525e+006,0.1,0.3,0.6,44.7,64,0,0
1,Hot-S7,Segmented No Adapt,7,30000,28530,1470,0,0,0.0001,6.6628,4.50261e+006,4.50254e+006,0.1,0.4,1,92,64,0,0
1,Uniform,Segmented No Adapt,-1,30000,28502,1498,0,0,0.0001,7.5581,3.96925e+006,3.9692e+006,0.2,0.5,0.7,13.7,64,0,0
1,Hot-S3-A,Segmented No Adapt,3,30000,15030,14970,0,0,0.0001,9.3734,3.20055e+006,3.20051e+006,0.2,0.6,1.1,103.5,64,0,0
1,Hot-S0,Segmented Adaptive,0,30000,28490,1510,0,20.3655,0.0001,4.8145,6.23118e+006,6.23105e+006,0.1,0.3,0.6,37.8,64,3,0
1,Hot-S7,Segmented Adaptive,7,30000,28530,1470,0,0,0.0001,6.0235,4.98049e+006,4.98041e+006,0.1,0.4,0.8,72.4,64,3,0
1,Uniform,Segmented Adaptive,-1,30000,28502,1498,0,0,0.0001,6.8335,4.39014e+006,4.39007e+006,0.2,0.4,0.6,13.6,64,0,0
1,Hot-S3-A,Segmented Adaptive,3,30000,15030,14970,0,0,0,8.9473,3.35297e+006,3.35297e+006,0.2,0.5,1,109.3,64,3,0
2,Hot-S0,Static B+Tree f=64,0,30000,28490,1510,0,14.1155,0.0001,7.7882,3.85198e+006,3.85193e+006,0.1,0.5,1,155.2,64,0,0
2,Hot-S7,Static B+Tree f=64,7,30000,28530,1470,0,0,0.0001,5.2748,5.68742e+006,5.68731e+006,0.1,0.3,0.5,224.6,64,0,0
2,Uniform,Static B+Tree f=64,-1,30000,28502,1498,0,0,0,7.4807,4.01032e+006,4.01032e+006,0.2,0.4,0.6,40.3,64,0,0
2,Hot-S3-A,Static B+Tree f=64,3,30000,15030,14970,0,0,0.0001,5.7718,5.19769e+006,5.1976e+006,0.1,0.3,0.4,29.7,64,0,0
2,Hot-S0,Static B+Tree f=256,0,30000,28490,1510,0,24.4037,0,4.8201,6.22394e+006,6.22394e+006,0.1,0.3,0.6,55.7,256,0,0
2,Hot-S7,Static B+Tree f=256,7,30000,28530,1470,0,0,0,4.5398,6.60822e+006,6.60822e+006,0.1,0.2,0.4,80.1,256,0,0
2,Uniform,Static B+Tree f=256,-1,30000,28502,1498,0,0,0.0001,6.0983,4.9194e+006,4.91932e+006,0.1,0.3,0.5,13.7,256,0,0
2,Hot-S3-A,Static B+Tree f=256,3,30000,15030,14970,0,0,0.0001,5.5101,5.44455e+006,5.44445e+006,0.1,0.3,0.4,13.1,256,0,0
2,Hot-S0,Static Region f=8,0,30000,28490,1510,0,21.6511,0.0001,5.1567,5.81767e+006,5.81756e+006,0.1,0.4,0.9,35.1,8,0,0
2,Hot-S7,Static Region f=8,7,30000,28530,1470,0,0,0.0001,4.4849,6.68911e+006,6.68896e+006,0.1,0.3,0.6,21.2,8,0,0
2,Uniform,Static Region f=8,-1,30000,28502,1498,0,0,0.0001,11.3521,2.64268e+006,2.64266e+006,0.2,0.8,1.7,276,8,0,0
2,Hot-S3-A,Static Region f=8,3,30000,15030,14970,0,0,0,10.2764,2.91931e+006,2.91931e+006,0.2,0.7,1.3,215.5,8,0,0
2,Hot-S0,Static Region f=16,0,30000,28490,1510,0,14.0862,0.0001,6.4215,4.67181e+006,4.67173e+006,0.1,0.4,1,255,16,0,0
2,Hot-S7,Static Region f=16,7,30000,28530,1470,0,0,0.0001,5.7165,5.24797e+006,5.24787e+006,0.1,0.4,0.8,194.5,16,0,0
2,Uniform,Static Region f=16,-1,30000,28502,1498,0,0,0.0001,9.5558,3.13945e+006,3.13942e+006,0.2,0.6,1,117.7,16,0,0
2,Hot-S3-A,Static Region f=16,3,30000,15030,14970,0,0,0,6.6593,4.50498e+006,4.50498e+006,0.2,0.3,0.5,176.7,16,0,0
2,Hot-S0,Static Region f=32,0,30000,28490,1510,0,12.6075,0.0001,6.7763,4.42719e+006,4.42713e+006,0.1,0.4,0.9,47.8,32,0,0
2,Hot-S7,Static Region f=32,7,30000,28530,1470,0,0,0.0001,6.2297,4.81564e+006,4.81556e+006,0.1,0.4,0.8,127.4,32,0,0
2,Uniform,Static Region f=32,-1,30000,28502,1498,0,0,0.0001,11.9524,2.50996e+006,2.50994e+006,0.3,0.6,1.5,207.1,32,0,0
2,Hot-S3-A,Static Region f=32,3,30000,15030,14970,0,0,0,7.3032,4.10779e+006,4.10779e+006,0.2,0.4,0.8,53.2,32,0,0
2,Hot-S0,Static Region x8,0,30000,28490,1510,0,15.7296,0.0001,3.7477,8.00491e+006,8.0047e+006,0.1,0.2,0.5,6.8,64,0,0
2,Hot-S7,Static Region x8,7,30000,28530,1470,0,0,0.0001,5.5268,5.4281e+006,5.428e+006,0.1,0.3,0.6,58.6,64,0,0
2,Uniform,Static Region x8,-1,30000,28502,1498,0,0,0,8.3794,3.58021e+006,3.58021e+006,0.2,0.5,0.9,14.3,64,0,0
2,Hot-S3-A,Static Region x8,3,30000,15030,14970,0,0,0,8.8672,3.38326e+006,3.38326e+006,0.2,0.5,1,89,64,0,0
2,Hot-S0,Static Region f=128,0,30000,28490,1510,0,16.6755,0,4.6994,6.38379e+006,6.38379e+006,0.1,0.2,0.5,118,128,0,0
2,Hot-S7,Static Region f=128,7,30000,28530,1470,0,0,0.0001,4.8701,6.16004e+006,6.15991e+006,0.1,0.3,0.5,18.8,128,0,0
2,Uniform,Static Region f=128,-1,30000,28502,1498,0,0,0,7.017,4.27533e+006,4.27533e+006,0.2,0.4,0.6,13.2,128,0,0
2,Hot-S3-A,Static Region f=128,3,30000,15030,14970,0,0,0,7.1834,4.1763e+006,4.1763e+006,0.1,0.4,0.6,157.1,128,0,0
2,Hot-S0,Static Region f=256,0,30000,28490,1510,0,20.7029,0,6.181,4.85358e+006,4.85358e+006,0.1,0.4,0.7,75.6,256,0,0
2,Hot-S7,Static Region f=256,7,30000,28530,1470,0,0,0,3.9886,7.52144e+006,7.52144e+006,0.1,0.2,0.4,35.3,256,0,0
2,Uniform,Static Region f=256,-1,30000,28502,1498,0,0,0,6.3095,4.75473e+006,4.75473e+006,0.1,0.3,0.5,59.2,256,0,0
2,Hot-S3-A,Static Region f=256,3,30000,15030,14970,0,0,0.0001,6.4377,4.66005e+006,4.65998e+006,0.1,0.4,0.6,84.4,256,0,0
2,Hot-S0,Oracle Hot f=8,0,30000,28490,1510,0,18.9075,4.2005,5.5319,5.42309e+006,3.08249e+006,0.1,0.4,0.7,25.8,57,1,1
2,Hot-S7,Oracle Hot f=8,7,30000,28530,1470,0,0,3.2859,7.0312,4.2667e+006,2.90779e+006,0.1,0.5,1,84.9,57,2,2
2,Uniform,Oracle Hot f=8,-1,30000,28502,1498,0,0,1.8278,6.8596,4.37343e+006,3.45328e+006,0.2,0.4,0.6,13.4,64,1,1
2,Hot-S3-A,Oracle Hot f=8,3,30000,15030,14970,0,0,2.1928,7.5211,3.98878e+006,3.08836e+006,0.1,0.5,0.7,98.9,57,1,1
2,Hot-S0,Oracle Hot f=16,0,30000,28490,1510,0,22.9488,1.8303,4.914,6.10501e+006,4.4482e+006,0.1,0.3,0.6,13.9,58,1,1
2,Hot-S7,Oracle Hot f=16,7,30000,28530,1470,0,0,2.8444,5.3006,5.65974e+006,3.68324e+006,0.1,0.3,0.6,34.8,58,2,2
2,Uniform,Oracle Hot f=16,-1,30000,28502,1498,0,0,1.6267,6.3214,4.74578e+006,3.77449e+006,0.1,0.4,0.5,63.6,64,1,1
2,Hot-S3-A,Oracle Hot f=16,3,30000,15030,14970,0,0,1.2804,6.1863,4.84943e+006,4.01784e+006,0.1,0.4,0.6,95.4,58,1,1
2,Hot-S0,Oracle Hot f=32,0,30000,28490,1510,0,19.7459,1.3156,4.7102,6.36916e+006,4.97859e+006,0.1,0.3,0.5,109.8,60,1,1
2,Hot-S7,Oracle Hot f=32,7,30000,28530,1470,0,0,3.5773,4.7556,6.30835e+006,3.60019e+006,0.1,0.3,0.6,160,60,2,2
2,Uniform,Oracle Hot f=32,-1,30000,28502,1498,0,0,2.3109,8.8399,3.3937e+006,2.69039e+006,0.2,0.5,0.7,205,64,1,1
2,Hot-S3-A,Oracle Hot f=32,3,30000,15030,14970,0,0,1.351,5.5663,5.38958e+006,4.33695e+006,0.1,0.4,0.5,21.9,60,1,1
2,Hot-S0,Segmented No Adapt,0,30000,28490,1510,0,23.2595,0.0001,4.5437,6.60255e+006,6.6024e+006,0.1,0.3,0.6,13.1,64,0,0
2,Hot-S7,Segmented No Adapt,7,30000,28530,1470,0,0,0,4.6754,6.41656e+006,6.41656e+006,0.1,0.3,0.5,28,64,0,0
2,Uniform,Segmented No Adapt,-1,30000,28502,1498,0,0,0.0001,9.6334,3.11417e+006,3.11413e+006,0.2,0.5,0.9,81.5,64,0,0
2,Hot-S3-A,Segmented No Adapt,3,30000,15030,14970,0,0,0.0001,8.6282,3.47697e+006,3.47693e+006,0.2,0.5,0.9,133.2,64,0,0
2,Hot-S0,Segmented Adaptive,0,30000,28490,1510,0,20.0697,0,4.9899,6.01214e+006,6.01214e+006,0.1,0.4,0.6,90.6,64,3,0
2,Hot-S7,Segmented Adaptive,7,30000,28530,1470,0,0,0.0001,5.7077,5.25606e+006,5.25597e+006,0.1,0.4,0.7,126.1,64,3,0
2,Uniform,Segmented Adaptive,-1,30000,28502,1498,0,0,0,7.6268,3.9335e+006,3.9335e+006,0.2,0.4,0.7,119.3,64,0,0
2,Hot-S3-A,Segmented Adaptive,3,30000,15030,14970,0,0,0,7.0995,4.22565e+006,4.22565e+006,0.2,0.4,0.7,47.3,64,3,0
3,Hot-S0,Static B+Tree f=64,0,30000,28490,1510,0,12.4014,0.0001,3.4056,8.80902e+006,8.80876e+006,0.1,0.2,0.4,2.9,64,0,0
3,Hot-S7,Static B+Tree f=64,7,30000,28530,1470,0,0,0.0001,7.4084,4.04946e+006,4.0494e+006,0.1,0.4,1,131.8,64,0,0
3,Uniform,Static B+Tree f=64,-1,30000,28502,1498,0,0,0.0001,6.6636,4.50207e+006,4.502e+006,0.2,0.4,0.6,13.5,64,0,0
3,Hot-S3-A,Static B+Tree f=64,3,30000,15030,14970,0,0,0.0001,8.6713,3.45969e+006,3.45965e+006,0.2,0.5,1.1,176.4,64,0,0
3,Hot-S0,Static B+Tree f=256,0,30000,28490,1510,0,23.5525,0.0001,5.7597,5.2086e+006,5.20851e+006,0.1,0.4,0.8,33.7,256,0,0
3,Hot-S7,Static B+Tree f=256,7,30000,28530,1470,0,0,0,4.2333,7.08667e+006,7.08667e+006,0.1,0.3,0.5,11,256,0,0
3,Uniform,Static B+Tree f=256,-1,30000,28502,1498,0,0,0,7.0625,4.24779e+006,4.24779e+006,0.2,0.4,0.6,33.1,256,0,0
3,Hot-S3-A,Static B+Tree f=256,3,30000,15030,14970,0,0,0.0001,7.1349,4.20468e+006,4.20463e+006,0.2,0.4,0.6,133.5,256,0,0
3,Hot-S0,Static Region f=8,0,30000,28490,1510,0,20.7409,0,7.584,3.9557e+006,3.9557e+006,0.1,0.6,1.4,26.4,8,0,0
3,Hot-S7,Static Region f=8,7,30000,28530,1470,0,0,0.0001,4.7884,6.26514e+006,6.26501e+006,0.1,0.3,0.7,13.9,8,0,0
3,Uniform,Static Region f=8,-1,30000,28502,1498,0,0,0,13.4416,2.23188e+006,2.23188e+006,0.3,0.7,2.1,24.8,8,0,0
3,Hot-S3-A,Static Region f=8,3,30000,15030,14970,0,0,0,12.635,2.37436e+006,2.37436e+006,0.2,0.9,2.4,162.9,8,0,0
3,Hot-S0,Static Region f=16,0,30000,28490,1510,0,16.7555,0.0001,4.9105,6.10936e+006,6.10923e+006,0.1,0.3,0.7,14.3,16,0,0
3,Hot-S7,Static Region f=16,7,30000,28530,1470,0,0,0,5.1955,5.77423e+006,5.77423e+006,0.1,0.3,0.6,100.3,16,0,0
3,Uniform,Static Region f=16,-1,30000,28502,1498,0,0,0,9.9726,3.00824e+006,3.00824e+006,0.2,0.5,0.9,119.5,16,0,0
3,Hot-S3-A,Static Region f=16,3,30000,15030,14970,0,0,0.0001,5.3326,5.62577e+006,5.62567e+006,0.1,0.3,0.4,23,16,0,0
3,Hot-S0,Static Region f=32,0,30000,28490,1510,0,11.5224,0,4.1449,7.23781e+006,7.23781e+006,0.1,0.2,0.5,13.5,32,0,0
3,Hot-S7,Static Region f=32,7,30000,28530,1470,0,0,0,4.1756,7.1846e+006,7.1846e+006,0.1,0.2,0.4,28.9,32,0,0
3,Uniform,Static Region f=32,-1,30000,28502,1498,0,0,0,7.0265,4.26955e+006,4.26955e+006,0.2,0.4,0.6,54.4,32,0,0
3,Hot-S3-A,Static Region f=32,3,30000,15030,14970,0,0,0.0001,5.7263,5.23899e+006,5.23889e+006,0.1,0.3,0.5,25.5,32,0,0
3,Hot-S0,Static Region x8,0,30000,28490,1510,0,14.3354,0.0001,5.558,5.39763e+006,5.39753e+006,0.1,0.4,0.7,245.8,64,0,0
3,Hot-S7,Static Region x8,7,30000,28530,1470,0,0,0.0001,3.7626,7.97321e+006,7.973e+006,0.1,0.2,0.4,13.4,64,0,0
3,Uniform,Static Region x8,-1,30000,28502,1498,0,0,0,7.3257,4.09517e+006,4.09517e+006,0.2,0.4,0.6,29,64,0,0
3,Hot-S3-A,Static Region x8,3,30000,15030,14970,0,0,0,5.7405,5.22603e+006,5.22603e+006,0.1,0.3,0.4,68,64,0,0
3,Hot-S0,Static Region f=128,0,30000,28490,1510,0,16.0428,0,4.2347,7.08433e+006,7.08433e+006,0.1,0.3,0.5,13.4,128,0,0
3,Hot-S7,Static Region f=128,7,30000,28530,1470,0,0,0,3.5981,8.33773e+006,8.33773e+006,0.1,0.2,0.4,5.3,128,0,0
3,Uniform,Static Region f=128,-1,30000,28502,1498,0,0,0,8.4878,3.53448e+006,3.53448e+006,0.2,0.4,0.7,131.2,128,0,0
3,Hot-S3-A,Static Region f=128,3,30000,15030,14970,0,0,0,5.1471,5.82852e+006,5.82852e+006,0.1,0.3,0.4,6.9,128,0,0
3,Hot-S0,Static Region f=256,0,30000,28490,1510,0,18.4787,0.0001,3.9153,7.66225e+006,7.66205e+006,0.1,0.2,0.4,13.6,256,0,0
3,Hot-S7,Static Region f=256,7,30000,28530,1470,0,0,0,5.081,5.90435e+006,5.90435e+006,0.1,0.3,0.5,83,256,0,0
3,Uniform,Static Region f=256,-1,30000,28502,1498,0,0,0.0001,7.5176,3.99064e+006,3.99058e+006,0.2,0.4,0.7,119,256,0,0
3,Hot-S3-A,Static Region f=256,3,30000,15030,14970,0,0,0,7.2218,4.15409e+006,4.15409e+006,0.1,0.4,0.7,210.2,256,0,0
3,Hot-S0,Oracle Hot f=8,0,30000,28490,1510,0,20.6099,2.9254,6.0566,4.95327e+006,3.34001e+006,0.1,0.4,0.8,49.8,57,1,1
3,Hot-S7,Oracle Hot f=8,7,30000,28530,1470,0,0,3.5499,5.1917,5.77845e+006,3.43187e+006,0.1,0.3,0.6,123.1,57,2,2
3,Uniform,Oracle Hot f=8,-1,30000,28502,1498,0,0,1.6153,6.9719,4.30299e+006,3.49357e+006,0.2,0.4,0.6,13.6,64,1,1
3,Hot-S3-A,Oracle Hot f=8,3,30000,15030,14970,0,0,1.6109,6.8305,4.39207e+006,3.55391e+006,0.1,0.4,0.6,137.1,57,1,1
3,Hot-S0,Oracle Hot f=16,0,30000,28490,1510,0,20.4012,1.4606,4.5863,6.54122e+006,4.96122e+006,0.1,0.3,0.5,88.4,58,1,1
3,Hot-S7,Oracle Hot f=16,7,30000,28530,1470,0,0,2.7602,5.2213,5.7457e+006,3.75869e+006,0.1,0.3,0.6,155.7,58,2,2
3,Uniform,Oracle Hot f=16,-1,30000,28502,1498,0,0,1.4104,6.5547,4.57687e+006,3.76643e+006,0.2,0.4,0.6,20.4,64,1,1
3,Hot-S3-A,Oracle Hot f=16,3,30000,15030,14970,0,0,1.2508,5.9952,5.004e+006,4.14022e+006,0.1,0.4,0.5,96.3,58,1,1
3,Hot-S0,Oracle Hot f=32,0,30000,28490,1510,0,18.6705,1.8615,4.7145,6.36335e+006,4.56204e+006,0.1,0.3,0.6,13.9,60,1,1
3,Hot-S7,Oracle Hot f=32,7,30000,28530,1470,0,0,2.4718,4.3952,6.82563e+006,4.36872e+006,0.1,0.2,0.5,43,60,2,2
3,Uniform,Oracle Hot f=32,-1,30000,28502,1498,0,0,1.4101,7.0483,4.25635e+006,3.54677e+006,0.2,0.4,0.7,69.9,64,1,1
3,Hot-S3-A,Oracle Hot f=32,3,30000,15030,14970,0,0,1.3583,7.5213,3.98867e+006,3.37853e+006,0.1,0.5,0.8,147.4,60,1,1
3,Hot-S0,Segmented No Adapt,0,30000,28490,1510,0,21.0862,0.0001,5.2527,5.71135e+006,5.71124e+006,0.1,0.4,0.7,14.2,64,0,0
3,Hot-S7,Segmented No Adapt,7,30000,28530,1470,0,0,0,4.5317,6.62003e+006,6.62003e+006,0.1,0.3,0.5,13.4,64,0,0
3,Uniform,Segmented No Adapt,-1,30000,28502,1498,0,0,0.0001,8.4215,3.56231e+006,3.56227e+006,0.2,0.5,0.9,24.2,64,0,0
3,Hot-S3-A,Segmented No Adapt,3,30000,15030,14970,0,0,0,5.8882,5.09494e+006,5.09494e+006,0.1,0.3,0.5,13.2,64,0,0
3,Hot-S0,Segmented Adaptive,0,30000,28490,1510,0,20.7942,0.0001,5.7771,5.19292e+006,5.19283e+006,0.1,0.4,0.8,41,64,3,0
3,Hot-S7,Segmented Adaptive,7,30000,28530,1470,0,0,0,4.4512,6.73976e+006,6.73976e+006,0.1,0.3,0.5,29,64,3,0
3,Uniform,Segmented Adaptive,-1,30000,28502,1498,0,0,0,8.0511,3.7262e+006,3.7262e+006,0.2,0.5,0.7,122,64,0,0
3,Hot-S3-A,Segmented Adaptive,3,30000,15030,14970,0,0,0,7.1821,4.17705e+006,4.17705e+006,0.2,0.4,0.6,219,64,3,0
4,Hot-S0,Static B+Tree f=64,0,30000,28490,1510,0,11.9053,0,5.6475,5.31208e+006,5.31208e+006,0.1,0.4,0.8,74.5,64,0,0
4,Hot-S7,Static B+Tree f=64,7,30000,28530,1470,0,0,0,5.7794,5.19085e+006,5.19085e+006,0.1,0.3,0.6,82,64,0,0
4,Uniform,Static B+Tree f=64,-1,30000,28502,1498,0,0,0,9.8905,3.03321e+006,3.03321e+006,0.2,0.5,0.9,92.4,64,0,0
4,Hot-S3-A,Static B+Tree f=64,3,30000,15030,14970,0,0,0,5.5075,5.44712e+006,5.44712e+006,0.1,0.3,0.4,52,64,0,0
4,Hot-S0,Static B+Tree f=256,0,30000,28490,1510,0,27.4899,0.0001,7.4039,4.05192e+006,4.05186e+006,0.1,0.4,0.8,104.7,256,0,0
4,Hot-S7,Static B+Tree f=256,7,30000,28530,1470,0,0,0.0001,6.1138,4.90693e+006,4.90685e+006,0.1,0.3,0.6,41.1,256,0,0
4,Uniform,Static B+Tree f=256,-1,30000,28502,1498,0,0,0,8.8078,3.40607e+006,3.40607e+006,0.2,0.5,0.8,84.6,256,0,0
4,Hot-S3-A,Static B+Tree f=256,3,30000,15030,14970,0,0,0.0001,5.6757,5.28569e+006,5.2856e+006,0.1,0.3,0.4,13.2,256,0,0
4,Hot-S0,Static Region f=8,0,30000,28490,1510,0,17.883,0.0001,5.1688,5.80406e+006,5.80394e+006,0.1,0.4,0.8,70.6,8,0,0
4,Hot-S7,Static Region f=8,7,30000,28530,1470,0,0,0.0001,7.104,4.22297e+006,4.22291e+006,0.1,0.5,1.1,92.7,8,0,0
4,Uniform,Static Region f=8,-1,30000,28502,1498,0,0,0,7.7404,3.87577e+006,3.87577e+006,0.2,0.4,0.7,52.3,8,0,0
4,Hot-S3-A,Static Region f=8,3,30000,15030,14970,0,0,0,7.1797,4.17845e+006,4.17845e+006,0.2,0.4,0.7,38.7,8,0,0
4,Hot-S0,Static Region f=16,0,30000,28490,1510,0,15.7963,0.0001,6.5677,4.56781e+006,4.56774e+006,0.1,0.4,0.9,50.7,16,0,0
4,Hot-S7,Static Region f=16,7,30000,28530,1470,0,0,0,4.4259,6.77828e+006,6.77828e+006,0.1,0.3,0.6,21.7,16,0,0
4,Uniform,Static Region f=16,-1,30000,28502,1498,0,0,0,7.6109,3.94172e+006,3.94172e+006,0.2,0.4,0.6,13.9,16,0,0
4,Hot-S3-A,Static Region f=16,3,30000,15030,14970,0,0,0,5.9242,5.06397e+006,5.06397e+006,0.1,0.3,0.4,127.3,16,0,0
4,Hot-S0,Static Region f=32,0,30000,28490,1510,0,13.3982,0.0001,4.0742,7.36341e+006,7.36323e+006,0.1,0.2,0.5,49.5,32,0,0
4,Hot-S7,Static Region f=32,7,30000,28530,1470,0,0,0.0001,3.803,7.88851e+006,7.8883e+006,0.1,0.2,0.3,151.2,32,0,0
4,Uniform,Static Region f=32,-1,30000,28502,1498,0,0,0.0001,5.6423,5.31698e+006,5.31689e+006,0.1,0.3,0.4,72.3,32,0,0
4,Hot-S3-A,Static Region f=32,3,30000,15030,14970,0,0,0,5.8616,5.11806e+006,5.11806e+006,0.1,0.3,0.4,143.7,32,0,0
4,Hot-S0,Static Region x8,0,30000,28490,1510,0,13.3604,0,4.8289,6.2126e+006,6.2126e+006,0.1,0.3,0.5,62.9,64,0,0
4,Hot-S7,Static Region x8,7,30000,28530,1470,0,0,0.0001,4.6994,6.38379e+006,6.38366e+006,0.1,0.3,0.6,13.7,64,0,0
4,Uniform,Static Region x8,-1,30000,28502,1498,0,0,0,6.2616,4.79111e+006,4.79111e+006,0.1,0.3,0.5,110.5,64,0,0
4,Hot-S3-A,Static Region x8,3,30000,15030,14970,0,0,0,8.0473,3.72796e+006,3.72796e+006,0.2,0.5,0.8,206.8,64,0,0
4,Hot-S0,Static Region f=128,0,30000,28490,1510,0,18.2671,0,4.3714,6.86279e+006,6.86279e+006,0.1,0.3,0.5,13.7,128,0,0
4,Hot-S7,Static Region f=128,7,30000,28530,1470,0,0,0.0001,3.8944,7.70337e+006,7.70317e+006,0.1,0.2,0.4,14.3,128,0,0
4,Uniform,Static Region f=128,-1,30000,28502,1498,0,0,0,9.5072,3.1555e+006,3.1555e+006,0.2,0.5,0.8,163.3,128,0,0
4,Hot-S3-A,Static Region f=128,3,30000,15030,14970,0,0,0,5.1663,5.80686e+006,5.80686e+006,0.1,0.3,0.3,15.7,128,0,0
4,Hot-S0,Static Region f=256,0,30000,28490,1510,0,17.9617,0,3.7555,7.98828e+006,7.98828e+006,0.1,0.2,0.4,4.5,256,0,0
4,Hot-S7,Static Region f=256,7,30000,28530,1470,0,0,0,3.8106,7.87278e+006,7.87278e+006,0.1,0.2,0.4,125.8,256,0,0
4,Uniform,Static Region f=256,-1,30000,28502,1498,0,0,0,6.554,4.57736e+006,4.57736e+006,0.1,0.4,0.6,24.9,256,0,0
4,Hot-S3-A,Static Region f=256,3,30000,15030,14970,0,0,0,5.0578,5.93143e+006,5.93143e+006,0.1,0.2,0.3,19.6,256,0,0
4,Hot-S0,Oracle Hot f=8,0,30000,28490,1510,0,17.6944,1.8086,4.7686,6.29115e+006,4.56121e+006,0.1,0.3,0.5,45.9,57,1,1
4,Hot-S7,Oracle Hot f=8,7,30000,28530,1470,0,0,3.7617,4.4079,6.80596e+006,3.67215e+006,0.1,0.2,0.5,10.2,57,2,2
4,Uniform,Oracle Hot f=8,-1,30000,28502,1498,0,0,1.8209,6.4243,4.66977e+006,3.63848e+006,0.1,0.4,0.6,59.6,64,1,1
4,Hot-S3-A,Oracle Hot f=8,3,30000,15030,14970,0,0,1.5544,5.3446,5.61314e+006,4.34846e+006,0.1,0.3,0.4,25.4,57,1,1
4,Hot-S0,Oracle Hot f=16,0,30000,28490,1510,0,17.9322,1.3301,3.8416,7.80925e+006,5.8008e+006,0.1,0.2,0.4,4.9,58,1,1
4,Hot-S7,Oracle Hot f=16,7,30000,28530,1470,0,0,2.9953,4.639,6.46691e+006,3.92963e+006,0.1,0.3,0.6,172.6,58,2,2
4,Uniform,Oracle Hot f=16,-1,30000,28502,1498,0,0,1.3962,6.429,4.66636e+006,3.83377e+006,0.1,0.4,0.6,25.5,64,1,1
4,Hot-S3-A,Oracle Hot f=16,3,30000,15030,14970,0,0,1.2545,6.6682,4.49897e+006,3.78659e+006,0.1,0.4,0.7,87.4,58,1,1
4,Hot-S0,Oracle Hot f=32,0,30000,28490,1510,0,19.8139,1.6383,4.097,7.32243e+006,5.23076e+006,0.1,0.3,0.5,13.3,60,1,1
4,Hot-S7,Oracle Hot f=32,7,30000,28530,1470,0,0,3.1978,4.9197,6.09793e+006,3.69572e+006,0.1,0.3,0.6,23.9,60,2,2
4,Uniform,Oracle Hot f=32,-1,30000,28502,1498,0,0,1.2795,6.5621,4.57171e+006,3.82575e+006,0.1,0.4,0.6,85.2,64,1,1
4,Hot-S3-A,Oracle Hot f=32,3,30000,15030,14970,0,0,1.1723,5.0406,5.95167e+006,4.82866e+006,0.1,0.3,0.5,22.4,60,1,1
4,Hot-S0,Segmented No Adapt,0,30000,28490,1510,0,18.5745,0.0001,6.6079,4.54002e+006,4.53995e+006,0.1,0.4,0.8,83.6,64,0,0
4,Hot-S7,Segmented No Adapt,7,30000,28530,1470,0,0,0,4.2057,7.13318e+006,7.13318e+006,0.1,0.3,0.4,3.1,64,0,0
4,Uniform,Segmented No Adapt,-1,30000,28502,1498,0,0,0,8.9666,3.34575e+006,3.34575e+006,0.2,0.6,1,68.9,64,0,0
4,Hot-S3-A,Segmented No Adapt,3,30000,15030,14970,0,0,0,6.1292,4.8946e+006,4.8946e+006,0.1,0.4,0.5,16.8,64,0,0
4,Hot-S0,Segmented Adaptive,0,30000,28490,1510,0,19.0731,0.0001,7.4866,4.00716e+006,4.00711e+006,0.1,0.4,0.9,267,64,3,0
4,Hot-S7,Segmented Adaptive,7,30000,28530,1470,0,0,0.0001,4.8298,6.21144e+006,6.21131e+006,0.1,0.3,0.5,30.1,64,3,0
4,Uniform,Segmented Adaptive,-1,30000,28502,1498,0,0,0,8.7709,3.4204e+006,3.4204e+006,0.2,0.5,0.9,168.2,64,0,0
4,Hot-S3-A,Segmented Adaptive,3,30000,15030,14970,0,0,0,6.4824,4.62792e+006,4.62792e+006,0.2,0.4,0.6,73.9,64,3,0
5,Hot-S0,Static B+Tree f=64,0,30000,28490,1510,0,12.7472,0.0001,3.6345,8.25423e+006,8.254e+006,0.1,0.2,0.4,13.6,64,0,0
5,Hot-S7,Static B+Tree f=64,7,30000,28530,1470,0,0,0.0001,5.2505,5.71374e+006,5.71363e+006,0.1,0.2,0.4,259.5,64,0,0
5,Uniform,Static B+Tree f=64,-1,30000,28502,1498,0,0,0.0001,8.048,3.72763e+006,3.72759e+006,0.2,0.5,0.8,38,64,0,0
5,Hot-S3-A,Static B+Tree f=64,3,30000,15030,14970,0,0,0,5.5302,5.42476e+006,5.42476e+006,0.1,0.3,0.4,138.4,64,0,0
5,Hot-S0,Static B+Tree f=256,0,30000,28490,1510,0,22.085,0,4.4426,6.7528e+006,6.7528e+006,0.1,0.3,0.5,81,256,0,0
5,Hot-S7,Static B+Tree f=256,7,30000,28530,1470,0,0,0.0001,4.0214,7.46009e+006,7.4599e+006,0.1,0.2,0.4,14.7,256,0,0
5,Uniform,Static B+Tree f=256,-1,30000,28502,1498,0,0,0.0001,6.2265,4.81812e+006,4.81804e+006,0.1,0.3,0.5,101.2,256,0,0
5,Hot-S3-A,Static B+Tree f=256,3,30000,15030,14970,0,0,0,5.9481,5.04363e+006,5.04363e+006,0.1,0.3,0.4,105.7,256,0,0
5,Hot-S0,Static Region f=8,0,30000,28490,1510,0,17.7908,0.0001,7.815,3.83877e+006,3.83872e+006,0.1,0.6,1.2,316.5,8,0,0
5,Hot-S7,Static Region f=8,7,30000,28530,1470,0,0,0.0001,4.7224,6.3527e+006,6.35257e+006,0.1,0.3,0.7,53.7,8,0,0
5,Uniform,Static Region f=8,-1,30000,28502,1498,0,0,0,9.5061,3.15587e+006,3.15587e+006,0.2,0.5,0.9,149.3,8,0,0
5,Hot-S3-A,Static Region f=8,3,30000,15030,14970,0,0,0.0001,6.3831,4.69991e+006,4.69984e+006,0.2,0.3,0.5,101,8,0,0
5,Hot-S0,Static Region f=16,0,30000,28490,1510,0,15.0117,0.0001,4.2932,6.98779e+006,6.98763e+006,0.1,0.3,0.6,13.3,16,0,0
5,Hot-S7,Static Region f=16,7,30000,28530,1470,0,0,0,5.6318,5.32689e+006,5.32689e+006,0.1,0.3,0.7,95.5,16,0,0
5,Uniform,Static Region f=16,-1,30000,28502,1498,0,0,0,7.2932,4.11342e+006,4.11342e+006,0.2,0.4,0.6,41.7,16,0,0
5,Hot-S3-A,Static Region f=16,3,30000,15030,14970,0,0,0,6.5225,4.59946e+006,4.59946e+006,0.2,0.3,0.5,87.2,16,0,0
5,Hot-S0,Static Region f=32,0,30000,28490,1510,0,11.5068,0,4.0999,7.31725e+006,7.31725e+006,0.1,0.2,0.5,13.6,32,0,0
5,Hot-S7,Static Region f=32,7,30000,28530,1470,0,0,0.0001,3.7757,7.94555e+006,7.94534e+006,0.1,0.2,0.3,46.2,32,0,0
5,Uniform,Static Region f=32,-1,30000,28502,1498,0,0,0,8.6175,3.48129e+006,3.48129e+006,0.2,0.4,0.7,430.3,32,0,0
5,Hot-S3-A,Static Region f=32,3,30000,15030,14970,0,0,0,5.2303,5.73581e+006,5.73581e+006,0.1,0.3,0.4,16.7,32,0,0
5,Hot-S0,Static Region x8,0,30000,28490,1510,0,12.1362,0,6.3891,4.6955e+006,4.6955e+006,0.1,0.3,0.7,1120.4,64,0,0
5,Hot-S7,Static Region x8,7,30000,28530,1470,0,0,0.0001,3.9691,7.55839e+006,7.5582e+006,0.1,0.3,0.5,13.5,64,0,0
5,Uniform,Static Region x8,-1,30000,28502,1498,0,0,0.0001,12.893,2.32684e+006,2.32683e+006,0.2,0.6,1.1,812,64,0,0
5,Hot-S3-A,Static Region x8,3,30000,15030,14970,0,0,0.0001,6.5567,4.57547e+006,4.5754e+006,0.1,0.3,0.5,281.9,64,0,0
5,Hot-S0,Static Region f=128,0,30000,28490,1510,0,16.8356,0.0001,4.1879,7.16349e+006,7.16332e+006,0.1,0.2,0.5,34.5,128,0,0
5,Hot-S7,Static Region f=128,7,30000,28530,1470,0,0,0,4.7724,6.28615e+006,6.28615e+006,0.1,0.3,0.5,46.1,128,0,0
5,Uniform,Static Region f=128,-1,30000,28502,1498,0,0,0.0001,6.8134,4.40309e+006,4.40302e+006,0.2,0.3,0.5,140.3,128,0,0
5,Hot-S3-A,Static Region f=128,3,30000,15030,14970,0,0,0,5.6987,5.26436e+006,5.26436e+006,0.1,0.3,0.4,13.4,128,0,0
5,Hot-S0,Static Region f=256,0,30000,28490,1510,0,20.6474,0,7.432,4.0366e+006,4.0366e+006,0.1,0.4,0.7,556.7,256,0,0
5,Hot-S7,Static Region f=256,7,30000,28530,1470,0,0,0.0001,4.0204,7.46194e+006,7.46176e+006,0.1,0.2,0.4,18.7,256,0,0
5,Uniform,Static Region f=256,-1,30000,28502,1498,0,0,0.0001,7.2308,4.14892e+006,4.14886e+006,0.2,0.3,0.6,47.6,256,0,0
5,Hot-S3-A,Static Region f=256,3,30000,15030,14970,0,0,0.0001,5.345,5.61272e+006,5.61262e+006,0.1,0.3,0.4,64.7,256,0,0
5,Hot-S0,Oracle Hot f=8,0,30000,28490,1510,0,22.2394,2.2152,4.6024,6.51834e+006,4.40038e+006,0.1,0.3,0.5,13.8,57,1,1
5,Hot-S7,Oracle Hot f=8,7,30000,28530,1470,0,0,6.3438,4.3239,6.93818e+006,2.81223e+006,0.1,0.2,0.5,13.5,57,2,2
5,Uniform,Oracle Hot f=8,-1,30000,28502,1498,0,0,1.4791,8.9415,3.35514e+006,2.87891e+006,0.2,0.5,0.7,356.8,64,1,1
5,Hot-S3-A,Oracle Hot f=8,3,30000,15030,14970,0,0,1.9378,5.762,5.20653e+006,3.89621e+006,0.1,0.4,0.6,4.1,57,1,1
5,Hot-S0,Oracle Hot f=16,0,30000,28490,1510,0,17.9673,1.8802,6.7872,4.42008e+006,3.46125e+006,0.1,0.4,0.8,850.8,58,1,1
5,Hot-S7,Oracle Hot f=16,7,30000,28530,1470,0,0,2.7705,4.1306,7.26287e+006,4.34713e+006,0.1,0.2,0.5,191.4,58,2,2
5,Uniform,Oracle Hot f=16,-1,30000,28502,1498,0,0,1.3217,8.1878,3.66399e+006,3.15474e+006,0.2,0.4,0.7,130,64,1,1
5,Hot-S3-A,Oracle Hot f=16,3,30000,15030,14970,0,0,1.2661,7.2242,4.15271e+006,3.53344e+006,0.1,0.4,0.7,166.5,58,1,1
5,Hot-S0,Oracle Hot f=32,0,30000,28490,1510,0,22.4,2.4053,5.1352,5.84203e+006,3.97852e+006,0.1,0.4,0.8,141.2,60,1,1
5,Hot-S7,Oracle Hot f=32,7,30000,28530,1470,0,0,2.4807,4.0537,7.40065e+006,4.59109e+006,0.1,0.2,0.5,86.8,60,2,2
5,Uniform,Oracle Hot f=32,-1,30000,28502,1498,0,0,2.2978,8.2351,3.64294e+006,2.84822e+006,0.2,0.5,0.8,26,64,1,1
5,Hot-S3-A,Oracle Hot f=32,3,30000,15030,14970,0,0,1.1993,6.3152,4.75044e+006,3.99228e+006,0.1,0.4,0.6,63.8,60,1,1
5,Hot-S0,Segmented No Adapt,0,30000,28490,1510,0,21.7943,0.0001,5.1316,5.84613e+006,5.84602e+006,0.1,0.4,0.7,47.3,64,0,0
5,Hot-S7,Segmented No Adapt,7,30000,28530,1470,0,0,0.0001,7.0973,4.22696e+006,4.2269e+006,0.1,0.4,0.8,976.6,64,0,0
5,Uniform,Segmented No Adapt,-1,30000,28502,1498,0,0,0.0001,9.4944,3.15976e+006,3.15972e+006,0.2,0.5,0.9,21.8,64,0,0
5,Hot-S3-A,Segmented No Adapt,3,30000,15030,14970,0,0,0.0001,9.147,3.27976e+006,3.27973e+006,0.2,0.6,1,242.8,64,0,0
5,Hot-S0,Segmented Adaptive,0,30000,28490,1510,0,21.6635,0.0001,5.2223,5.7446e+006,5.74449e+006,0.1,0.4,0.7,37.7,64,3,0
5,Hot-S7,Segmented Adaptive,7,30000,28530,1470,0,0,0.0001,6.564,4.57038e+006,4.57031e+006,0.1,0.5,0.8,65.9,64,3,0
5,Uniform,Segmented Adaptive,-1,30000,28502,1498,0,0,0.0001,9.4016,3.19095e+006,3.19091e+006,0.2,0.5,0.9,153.2,64,0,0
5,Hot-S3-A,Segmented Adaptive,3,30000,15030,14970,0,0,0.0001,7.9917,3.75389e+006,3.75385e+006,0.2,0.5,0.8,44.8,64,3,0
