phase,index,mean_ops_sec,stddev_ops_sec,ci95_ops_sec,cv_percent,ci95_percent,vs_baseline,mean_p95_us,mean_p99_us,trials
Hot-S0,Static B+Tree f=64,6602436.0,2053091.8967815347,2548841.61072696,31.095975739583615,38.604563690234336,1.0,0.31999999999999995,0.66,5
Hot-S0,Static B+Tree f=256,5976466.0,1391193.0733295074,1727117.4268507117,23.277854727685348,28.898640548623746,0.9051910537262308,0.32,0.64,5
Hot-S0,Static Region f=8,4627722.0,1083212.3495741729,1344770.1557714322,23.407031571347044,29.059009071232715,0.7009113000110868,0.52,1.1400000000000001,5
Hot-S0,Static Region f=16,5694096.0,1043184.7444149095,1295077.2872896977,18.32046288673232,22.744212378746294,0.8624235055061495,0.33999999999999997,0.78,5
Hot-S0,Static Region f=32,6335780.0,1367549.554714563,1697764.827405827,21.584549253833988,26.796461168251216,0.9596124824231541,0.27999999999999997,0.62,5
Hot-S0,Static Region x8,6268334.0,1306946.8158766064,1622528.6518033864,20.849986868546033,25.884527719859634,0.9493971618960032,0.3,0.5800000000000001,5
Hot-S0,Static Region f=128,6729220.0,443109.95396176784,550105.4728994629,6.5848635348787505,8.174877220531695,1.019202609461114,0.26,0.5,5
Hot-S0,Static Region f=256,6161328.0,1719457.4685260465,2134646.164901198,27.907254223862882,34.64587772151065,0.9331901134672111,0.3,0.5599999999999999,5
Hot-S0,Oracle Hot f=8,5825478.0,638952.5507187526,793237.1907487877,10.96824244669283,13.616688463140497,0.8823225245954675,0.34,0.6199999999999999,5
Hot-S0,Oracle Hot f=16,6007300.0,1301656.0789048695,1615960.3873403517,21.667905363555498,26.89994485609761,0.9098611482186272,0.3,0.6,5
Hot-S0,Oracle Hot f=32,6611374.0,616148.3434449857,764926.5669086488,9.319520321267344,11.569857746795883,1.0013537427700927,0.32,0.5800000000000001,5
Hot-S0,Segmented No Adapt,5845010.0,830228.6434772051,1030699.753980506,14.204058564094929,17.633840728767034,0.8852808266524659,0.36,0.68,5
Hot-S0,Segmented Adaptive,5437600.0,888839.3167496587,1103462.850022986,16.346169573886616,20.29319644738462,0.8235748139020204,0.38,0.72,5
Hot-S3-A,Static B+Tree f=64,5079606.0,937423.2396468524,1163778.0870013405,18.454644703680803,22.910794400221995,1.0,0.34,0.54,5
Hot-S3-A,Static B+Tree f=256,4967874.0,481635.6586985644,597933.7846616697,9.695005523460628,12.03600946122365,0.9780038058069859,0.32,0.45999999999999996,5
Hot-S3-A,Static Region f=8,3662552.0,972466.4345981305,1207282.9849577611,26.551607583950492,32.96288994552872,0.7210307256113958,0.5399999999999999,1.12,5
Hot-S3-A,Static Region f=16,4913900.0,451268.32322909613,560233.802321463,9.18350644557472,11.401001288619286,0.967378178543769,0.32,0.48,5
Hot-S3-A,Static Region f=32,4992254.0,605291.7077162052,751448.4342729886,12.124617611928503,15.052287689548422,0.9828033906566769,0.32,0.52,5
Hot-S3-A,Static Region x8,4241344.0,721784.3582608312,896069.9758208741,17.017821668339828,21.127028975269965,0.8349749960922166,0.4,0.6599999999999999,5
Hot-S3-A,Static Region f=128,5103124.0,765952.6958500766,950903.4184449397,15.009486264689563,18.63375098165241,1.004629886648689,0.34,0.4600000000000001,5
Hot-S3-A,Static Region f=256,5162904.0,733071.3847777718,910082.4235310107,14.198818819365453,17.627335769385034,1.0163985159478905,0.32,0.48,5
Hot-S3-A,Oracle Hot f=8,4750340.0,652021.6423171856,809462.0097803702,13.725788939679806,17.040085757658822,0.9351788307990817,0.4,0.6,5
Hot-S3-A,Oracle Hot f=16,4717782.0,387429.40398219647,480980.0221982198,8.212109079694578,10.195045514994542,0.9287692785621562,0.38,0.6199999999999999,5
Hot-S3-A,Oracle Hot f=32,4989324.0,734818.5882447449,912251.51538024,14.727818603176402,18.284070454839977,0.9822265742657994,0.4,0.62,5
Hot-S3-A,Segmented No Adapt,3989364.0,926021.5281136826,1149623.261864285,23.21225960112145,28.81720649868713,0.7853687864767465,0.4800000000000001,0.8,5
Hot-S3-A,Segmented Adaptive,4027496.0,487848.8378381156,605647.2287362454,12.11295648308814,15.03781080691937,0.7928756679159762,0.44000000000000006,0.74,5
Hot-S7,Static B+Tree f=64,5484440.0,989887.5975331744,1228910.7479749464,18.04901863331852,22.40722385466787,1.0,0.27999999999999997,0.58,5
Hot-S7,Static B+Tree f=256,6208298.0,1193918.4208604875,1482207.862041182,19.23101018766315,23.87462493007233,1.1319839400194003,0.26,0.52,5
Hot-S7,Static Region f=8,6022466.0,1020304.185637793,1266671.8757349493,16.941634633351075,21.032445442364462,1.098100444165676,0.33999999999999997,0.74,5
Hot-S7,Static Region f=16,5940802.0,705391.685143793,875719.0468550293,11.873677748287067,14.740754646511183,1.0832103186469357,0.32,0.6599999999999999,5
Hot-S7,Static Region f=32,6892066.0,1281661.5593946788,1591137.8923541524,18.596188129868153,23.086515601477878,1.2566581091232651,0.25999999999999995,0.47999999999999987,5
Hot-S7,Static Region x8,6521846.0,1222090.7269225146,1517182.7923273495,18.73841741927845,23.263088277879447,1.189154407742632,0.3,0.6,5
Hot-S7,Static Region f=128,6986450.0,975514.85419239,1211067.4910098205,13.962954779500174,17.33451883302422,1.2738675233934549,0.26,0.48,5
Hot-S7,Static Region f=256,7401134.0,893499.1723443285,1109247.8973743941,12.072463116386334,14.987539711811651,1.3494785246989665,0.21999999999999997,0.4,5
Hot-S7,Oracle Hot f=8,5918176.0,1071104.2455942372,1329738.3691770532,18.098553432581884,22.468719571318143,1.0790848290800883,0.3,0.64,5
Hot-S7,Oracle Hot f=16,6154164.0,708386.4778706606,879436.9770313204,11.510685738479843,14.290112792433229,1.1221134701081605,0.27999999999999997,0.58,5
Hot-S7,Oracle Hot f=32,6486604.0,633256.3213896882,786165.5217402439,9.76252475701751,12.119832222534994,1.1827285921625543,0.26,0.58,5
Hot-S7,Segmented No Adapt,5779868.0,1321515.5611531783,1640615.2383001817,22.864113179629335,28.384994922032504,1.053866575256544,0.34,0.64,5
Hot-S7,Segmented Adaptive,5551626.0,897693.7423085893,1114455.308928048,16.16992467267408,20.074394581480238,1.0122502935577744,0.38,0.6599999999999999,5
Uniform,Static B+Tree f=64,3819172.0,531275.6810922179,659560.1321392008,13.910755553617852,17.269715324138343,1.0,0.44000000000000006,0.72,5
Uniform,Static B+Tree f=256,4464744.0,655380.1132396375,813631.4336863243,14.67900764835873,18.223473365691838,1.1690345446604657,0.36,0.5800000000000001,5
Uniform,Static Region f=8,2847912.0,677810.7327049344,841478.2613598225,23.800269555552784,29.54720024213608,0.7456883324448336,0.62,1.32,5
Uniform,Static Region f=16,3668346.0,549935.4931080553,682725.6345645266,14.99137467152922,18.611266073716237,0.9605081939226617,0.45999999999999996,0.74,5
Uniform,Static Region f=32,4158164.0,1187724.670927568,1474518.538645473,28.56368029081027,35.460807670055175,1.0887606004652317,0.4,0.72,5
Uniform,Static Region x8,3959116.0,1073166.8027291936,1332298.9615491335,27.10622277117401,33.6514252562727,1.0366424973790132,0.42000000000000004,0.72,5
Uniform,Static Region f=128,4060360.0,710843.8980184046,882487.7779903167,17.506918056980282,21.734224994589564,1.063151908319395,0.38,0.62,5
Uniform,Static Region f=256,4537826.0,490204.0997176584,608571.2037868258,10.802620014907104,13.41107402061749,1.188170105981087,0.33999999999999997,0.58,5
Uniform,Oracle Hot f=8,4166678.0,493513.2325176297,612679.3761434602,11.844285363966922,14.704265031842157,1.0909898794817305,0.42000000000000004,0.6199999999999999,5
Uniform,Oracle Hot f=16,4202342.0,642737.6242060208,797936.2267827484,15.294748123927581,18.98789357893166,1.100328029216804,0.42000000000000004,0.6599999999999999,5
Uniform,Oracle Hot f=32,4105704.0,564014.5154426435,700204.2471979928,13.737339940790752,17.054425920572765,1.0750246388484206,0.44000000000000006,0.6799999999999999,5
Uniform,Segmented No Adapt,3430248.0,349346.711763543,433701.69494575955,10.184298970906564,12.643450122141592,0.898165361497204,0.52,0.8800000000000001,5
Uniform,Segmented Adaptive,3732238.0,464654.045737256,576851.7075267421,12.449743176540618,15.455919679472267,0.9772374745101818,0.45999999999999996,0.76,5
