phase,index,hot_segment,operations,reads,updates,misses,load_ms,reconfigure_ms,run_ms,throughput_ops_sec,throughput_with_reconfig_ops_sec,p50_us,p95_us,p99_us,max_us,final_fanout,adaptations,restructures
Hot-S0,Static B+Tree f=64,0,30000,28490,1510,0,12.7472,0.0001,3.6345,8.25423e+006,8.254e+006,0.1,0.2,0.4,13.6,64,0,0
Hot-S7,Static B+Tree f=64,7,30000,28530,1470,0,0,0.0001,5.2505,5.71374e+006,5.71363e+006,0.1,0.2,0.4,259.5,64,0,0
Uniform,Static B+Tree f=64,-1,30000,28502,1498,0,0,0.0001,8.048,3.72763e+006,3.72759e+006,0.2,0.5,0.8,38,64,0,0
Hot-S3-A,Static B+Tree f=64,3,30000,15030,14970,0,0,0,5.5302,5.42476e+006,5.42476e+006,0.1,0.3,0.4,138.4,64,0,0
Hot-S0,Static B+Tree f=256,0,30000,28490,1510,0,22.085,0,4.4426,6.7528e+006,6.7528e+006,0.1,0.3,0.5,81,256,0,0
Hot-S7,Static B+Tree f=256,7,30000,28530,1470,0,0,0.0001,4.0214,7.46009e+006,7.4599e+006,0.1,0.2,0.4,14.7,256,0,0
Uniform,Static B+Tree f=256,-1,30000,28502,1498,0,0,0.0001,6.2265,4.81812e+006,4.81804e+006,0.1,0.3,0.5,101.2,256,0,0
Hot-S3-A,Static B+Tree f=256,3,30000,15030,14970,0,0,0,5.9481,5.04363e+006,5.04363e+006,0.1,0.3,0.4,105.7,256,0,0
Hot-S0,Static Region f=8,0,30000,28490,1510,0,17.7908,0.0001,7.815,3.83877e+006,3.83872e+006,0.1,0.6,1.2,316.5,8,0,0
Hot-S7,Static Region f=8,7,30000,28530,1470,0,0,0.0001,4.7224,6.3527e+006,6.35257e+006,0.1,0.3,0.7,53.7,8,0,0
Uniform,Static Region f=8,-1,30000,28502,1498,0,0,0,9.5061,3.15587e+006,3.15587e+006,0.2,0.5,0.9,149.3,8,0,0
Hot-S3-A,Static Region f=8,3,30000,15030,14970,0,0,0.0001,6.3831,4.69991e+006,4.69984e+006,0.2,0.3,0.5,101,8,0,0
Hot-S0,Static Region f=16,0,30000,28490,1510,0,15.0117,0.0001,4.2932,6.98779e+006,6.98763e+006,0.1,0.3,0.6,13.3,16,0,0
Hot-S7,Static Region f=16,7,30000,28530,1470,0,0,0,5.6318,5.32689e+006,5.32689e+006,0.1,0.3,0.7,95.5,16,0,0
Uniform,Static Region f=16,-1,30000,28502,1498,0,0,0,7.2932,4.11342e+006,4.11342e+006,0.2,0.4,0.6,41.7,16,0,0
Hot-S3-A,Static Region f=16,3,30000,15030,14970,0,0,0,6.5225,4.59946e+006,4.59946e+006,0.2,0.3,0.5,87.2,16,0,0
Hot-S0,Static Region f=32,0,30000,28490,1510,0,11.5068,0,4.0999,7.31725e+006,7.31725e+006,0.1,0.2,0.5,13.6,32,0,0
Hot-S7,Static Region f=32,7,30000,28530,1470,0,0,0.0001,3.7757,7.94555e+006,7.94534e+006,0.1,0.2,0.3,46.2,32,0,0
Uniform,Static Region f=32,-1,30000,28502,1498,0,0,0,8.6175,3.48129e+006,3.48129e+006,0.2,0.4,0.7,430.3,32,0,0
Hot-S3-A,Static Region f=32,3,30000,15030,14970,0,0,0,5.2303,5.73581e+006,5.73581e+006,0.1,0.3,0.4,16.7,32,0,0
Hot-S0,Static Region x8,0,30000,28490,1510,0,12.1362,0,6.3891,4.6955e+006,4.6955e+006,0.1,0.3,0.7,1120.4,64,0,0
Hot-S7,Static Region x8,7,30000,28530,1470,0,0,0.0001,3.9691,7.55839e+006,7.5582e+006,0.1,0.3,0.5,13.5,64,0,0
Uniform,Static Region x8,-1,30000,28502,1498,0,0,0.0001,12.893,2.32684e+006,2.32683e+006,0.2,0.6,1.1,812,64,0,0
Hot-S3-A,Static Region x8,3,30000,15030,14970,0,0,0.0001,6.5567,4.57547e+006,4.5754e+006,0.1,0.3,0.5,281.9,64,0,0
Hot-S0,Static Region f=128,0,30000,28490,1510,0,16.8356,0.0001,4.1879,7.16349e+006,7.16332e+006,0.1,0.2,0.5,34.5,128,0,0
Hot-S7,Static Region f=128,7,30000,28530,1470,0,0,0,4.7724,6.28615e+006,6.28615e+006,0.1,0.3,0.5,46.1,128,0,0
Uniform,Static Region f=128,-1,30000,28502,1498,0,0,0.0001,6.8134,4.40309e+006,4.40302e+006,0.2,0.3,0.5,140.3,128,0,0
Hot-S3-A,Static Region f=128,3,30000,15030,14970,0,0,0,5.6987,5.26436e+006,5.26436e+006,0.1,0.3,0.4,13.4,128,0,0
Hot-S0,Static Region f=256,0,30000,28490,1510,0,20.6474,0,7.432,4.0366e+006,4.0366e+006,0.1,0.4,0.7,556.7,256,0,0
Hot-S7,Static Region f=256,7,30000,28530,1470,0,0,0.0001,4.0204,7.46194e+006,7.46176e+006,0.1,0.2,0.4,18.7,256,0,0
Uniform,Static Region f=256,-1,30000,28502,1498,0,0,0.0001,7.2308,4.14892e+006,4.14886e+006,0.2,0.3,0.6,47.6,256,0,0
Hot-S3-A,Static Region f=256,3,30000,15030,14970,0,0,0.0001,5.345,5.61272e+006,5.61262e+006,0.1,0.3,0.4,64.7,256,0,0
Hot-S0,Oracle Hot f=8,0,30000,28490,1510,0,22.2394,2.2152,4.6024,6.51834e+006,4.40038e+006,0.1,0.3,0.5,13.8,57,1,1
Hot-S7,Oracle Hot f=8,7,30000,28530,1470,0,0,6.3438,4.3239,6.93818e+006,2.81223e+006,0.1,0.2,0.5,13.5,57,2,2
Uniform,Oracle Hot f=8,-1,30000,28502,1498,0,0,1.4791,8.9415,3.35514e+006,2.87891e+006,0.2,0.5,0.7,356.8,64,1,1
Hot-S3-A,Oracle Hot f=8,3,30000,15030,14970,0,0,1.9378,5.762,5.20653e+006,3.89621e+006,0.1,0.4,0.6,4.1,57,1,1
Hot-S0,Oracle Hot f=16,0,30000,28490,1510,0,17.9673,1.8802,6.7872,4.42008e+006,3.46125e+006,0.1,0.4,0.8,850.8,58,1,1
Hot-S7,Oracle Hot f=16,7,30000,28530,1470,0,0,2.7705,4.1306,7.26287e+006,4.34713e+006,0.1,0.2,0.5,191.4,58,2,2
Uniform,Oracle Hot f=16,-1,30000,28502,1498,0,0,1.3217,8.1878,3.66399e+006,3.15474e+006,0.2,0.4,0.7,130,64,1,1
Hot-S3-A,Oracle Hot f=16,3,30000,15030,14970,0,0,1.2661,7.2242,4.15271e+006,3.53344e+006,0.1,0.4,0.7,166.5,58,1,1
Hot-S0,Oracle Hot f=32,0,30000,28490,1510,0,22.4,2.4053,5.1352,5.84203e+006,3.97852e+006,0.1,0.4,0.8,141.2,60,1,1
Hot-S7,Oracle Hot f=32,7,30000,28530,1470,0,0,2.4807,4.0537,7.40065e+006,4.59109e+006,0.1,0.2,0.5,86.8,60,2,2
Uniform,Oracle Hot f=32,-1,30000,28502,1498,0,0,2.2978,8.2351,3.64294e+006,2.84822e+006,0.2,0.5,0.8,26,64,1,1
Hot-S3-A,Oracle Hot f=32,3,30000,15030,14970,0,0,1.1993,6.3152,4.75044e+006,3.99228e+006,0.1,0.4,0.6,63.8,60,1,1
Hot-S0,Segmented No Adapt,0,30000,28490,1510,0,21.7943,0.0001,5.1316,5.84613e+006,5.84602e+006,0.1,0.4,0.7,47.3,64,0,0
Hot-S7,Segmented No Adapt,7,30000,28530,1470,0,0,0.0001,7.0973,4.22696e+006,4.2269e+006,0.1,0.4,0.8,976.6,64,0,0
Uniform,Segmented No Adapt,-1,30000,28502,1498,0,0,0.0001,9.4944,3.15976e+006,3.15972e+006,0.2,0.5,0.9,21.8,64,0,0
Hot-S3-A,Segmented No Adapt,3,30000,15030,14970,0,0,0.0001,9.147,3.27976e+006,3.27973e+006,0.2,0.6,1,242.8,64,0,0
Hot-S0,Segmented Adaptive,0,30000,28490,1510,0,21.6635,0.0001,5.2223,5.7446e+006,5.74449e+006,0.1,0.4,0.7,37.7,64,3,0
Hot-S7,Segmented Adaptive,7,30000,28530,1470,0,0,0.0001,6.564,4.57038e+006,4.57031e+006,0.1,0.5,0.8,65.9,64,3,0
Uniform,Segmented Adaptive,-1,30000,28502,1498,0,0,0.0001,9.4016,3.19095e+006,3.19091e+006,0.2,0.5,0.9,153.2,64,0,0
Hot-S3-A,Segmented Adaptive,3,30000,15030,14970,0,0,0.0001,7.9917,3.75389e+006,3.75385e+006,0.2,0.5,0.8,44.8,64,3,0
