trace_source,day,index,operations,reads,updates,misses,load_ms,run_ms,throughput_ops_sec,p50_us,p95_us,p99_us,max_us,final_fanout,adaptations,restructures
wikimedia,2026-04-27,Static B+Tree f=64,30000,29349,651,0,0.4888,2.6779,1.12028e+007,0.1,0.1,0.2,4.8,64,0,0
wikimedia,2026-04-28,Static B+Tree f=64,30000,29410,590,0,0,3.2697,9.17515e+006,0.1,0.1,0.2,132.9,64,0,0
wikimedia,2026-04-29,Static B+Tree f=64,30000,29394,606,0,0,2.7613,1.08644e+007,0.1,0.1,0.2,1.1,64,0,0
wikimedia,2026-04-30,Static B+Tree f=64,30000,29419,581,0,0,3.101,9.6743e+006,0.1,0.1,0.2,217.7,64,0,0
wikimedia,2026-05-01,Static B+Tree f=64,30000,29452,548,0,0,2.814,1.0661e+007,0.1,0.1,0.2,55,64,0,0
wikimedia,2026-05-02,Static B+Tree f=64,30000,29401,599,0,0,2.9382,1.02103e+007,0.1,0.1,0.2,19.9,64,0,0
wikimedia,2026-05-03,Static B+Tree f=64,30000,29388,612,0,0,2.7801,1.0791e+007,0.1,0.1,0.2,1.2,64,0,0
wikimedia,2026-05-04,Static B+Tree f=64,30000,29374,626,0,0,2.8798,1.04174e+007,0.1,0.1,0.2,1,64,0,0
wikimedia,2026-05-05,Static B+Tree f=64,30000,29425,575,0,0,2.7835,1.07778e+007,0.1,0.1,0.2,3,64,0,0
wikimedia,2026-05-06,Static B+Tree f=64,30000,29378,622,0,0,2.8721,1.04453e+007,0.1,0.1,0.2,3.3,64,0,0
wikimedia,2026-04-27,Static B+Tree f=256,30000,29349,651,0,0.4884,2.7899,1.07531e+007,0.1,0.1,0.1,1,256,0,0
wikimedia,2026-04-28,Static B+Tree f=256,30000,29410,590,0,0,2.8276,1.06097e+007,0.1,0.1,0.1,24.2,256,0,0
wikimedia,2026-04-29,Static B+Tree f=256,30000,29394,606,0,0,2.8535,1.05134e+007,0.1,0.1,0.1,19.6,256,0,0
wikimedia,2026-04-30,Static B+Tree f=256,30000,29419,581,0,0,2.845,1.05448e+007,0.1,0.1,0.1,7.3,256,0,0
wikimedia,2026-05-01,Static B+Tree f=256,30000,29452,548,0,0,2.8995,1.03466e+007,0.1,0.1,0.2,10.6,256,0,0
wikimedia,2026-05-02,Static B+Tree f=256,30000,29401,599,0,0,2.897,1.03555e+007,0.1,0.1,0.2,24.3,256,0,0
wikimedia,2026-05-03,Static B+Tree f=256,30000,29388,612,0,0,2.8786,1.04217e+007,0.1,0.1,0.2,5.4,256,0,0
wikimedia,2026-05-04,Static B+Tree f=256,30000,29374,626,0,0,2.8938,1.0367e+007,0.1,0.1,0.2,1.1,256,0,0
wikimedia,2026-05-05,Static B+Tree f=256,30000,29425,575,0,0,2.9958,1.0014e+007,0.1,0.1,0.2,18.8,256,0,0
wikimedia,2026-05-06,Static B+Tree f=256,30000,29378,622,0,0,2.9137,1.02962e+007,0.1,0.1,0.2,4,256,0,0
wikimedia,2026-04-27,Static Region x8,30000,29349,651,0,0.2886,2.9169,1.02849e+007,0.1,0.1,0.1,3.7,64,0,0
wikimedia,2026-04-28,Static Region x8,30000,29410,590,0,0,2.9953,1.00157e+007,0.1,0.1,0.2,16.5,64,0,0
wikimedia,2026-04-29,Static Region x8,30000,29394,606,0,0,3.705,8.09717e+006,0.1,0.1,0.2,190.8,64,0,0
wikimedia,2026-04-30,Static Region x8,30000,29419,581,0,0,2.9276,1.02473e+007,0.1,0.1,0.1,20.9,64,0,0
wikimedia,2026-05-01,Static Region x8,30000,29452,548,0,0,3.2328,9.27988e+006,0.1,0.1,0.2,9.7,64,0,0
wikimedia,2026-05-02,Static Region x8,30000,29401,599,0,0,2.8857,1.03961e+007,0.1,0.1,0.2,19,64,0,0
wikimedia,2026-05-03,Static Region x8,30000,29388,612,0,0,2.8279,1.06086e+007,0.1,0.1,0.1,1,64,0,0
wikimedia,2026-05-04,Static Region x8,30000,29374,626,0,0,2.94,1.02041e+007,0.1,0.1,0.2,21.2,64,0,0
wikimedia,2026-05-05,Static Region x8,30000,29425,575,0,0,2.9441,1.01899e+007,0.1,0.1,0.2,4,64,0,0
wikimedia,2026-05-06,Static Region x8,30000,29378,622,0,0,2.9953,1.00157e+007,0.1,0.1,0.2,3.3,64,0,0
wikimedia,2026-04-27,Static Region f=32,30000,29349,651,0,0.2848,3.4096,8.79869e+006,0.1,0.1,0.2,218.7,32,0,0
wikimedia,2026-04-28,Static Region f=32,30000,29410,590,0,0,3.4018,8.81886e+006,0.1,0.1,0.2,87.4,32,0,0
wikimedia,2026-04-29,Static Region f=32,30000,29394,606,0,0,2.8208,1.06353e+007,0.1,0.1,0.1,163.2,32,0,0
wikimedia,2026-04-30,Static Region f=32,30000,29419,581,0,0,2.8564,1.05027e+007,0.1,0.1,0.2,14.4,32,0,0
wikimedia,2026-05-01,Static Region f=32,30000,29452,548,0,0,2.8074,1.0686e+007,0.1,0.1,0.1,1,32,0,0
wikimedia,2026-05-02,Static Region f=32,30000,29401,599,0,0,2.867,1.04639e+007,0.1,0.1,0.2,14.8,32,0,0
wikimedia,2026-05-03,Static Region f=32,30000,29388,612,0,0,2.6876,1.11624e+007,0.1,0.1,0.1,1,32,0,0
wikimedia,2026-05-04,Static Region f=32,30000,29374,626,0,0,2.7954,1.07319e+007,0.1,0.1,0.2,9.9,32,0,0
wikimedia,2026-05-05,Static Region f=32,30000,29425,575,0,0,2.85,1.05263e+007,0.1,0.1,0.2,1.7,32,0,0
wikimedia,2026-05-06,Static Region f=32,30000,29378,622,0,0,2.9433,1.01926e+007,0.1,0.1,0.2,23.6,32,0,0
wikimedia,2026-04-27,Static Region f=128,30000,29349,651,0,0.3271,2.9782,1.00732e+007,0.1,0.1,0.2,10.3,128,0,0
wikimedia,2026-04-28,Static Region f=128,30000,29410,590,0,0,2.8925,1.03717e+007,0.1,0.1,0.1,3.4,128,0,0
wikimedia,2026-04-29,Static Region f=128,30000,29394,606,0,0,2.9034,1.03327e+007,0.1,0.1,0.1,10.6,128,0,0
wikimedia,2026-04-30,Static Region f=128,30000,29419,581,0,0,2.9023,1.03366e+007,0.1,0.1,0.1,2.1,128,0,0
wikimedia,2026-05-01,Static Region f=128,30000,29452,548,0,0,3.1494,9.52562e+006,0.1,0.1,0.2,29.9,128,0,0
wikimedia,2026-05-02,Static Region f=128,30000,29401,599,0,0,2.7878,1.07612e+007,0.1,0.1,0.1,5.1,128,0,0
wikimedia,2026-05-03,Static Region f=128,30000,29388,612,0,0,2.9093,1.03118e+007,0.1,0.1,0.2,25.1,128,0,0
wikimedia,2026-05-04,Static Region f=128,30000,29374,626,0,0,3.0272,9.91015e+006,0.1,0.1,0.2,5.1,128,0,0
wikimedia,2026-05-05,Static Region f=128,30000,29425,575,0,0,2.9464,1.01819e+007,0.1,0.1,0.2,3.6,128,0,0
wikimedia,2026-05-06,Static Region f=128,30000,29378,622,0,0,2.9613,1.01307e+007,0.1,0.1,0.2,6.9,128,0,0
wikimedia,2026-04-27,Segmented No Adapt,30000,29349,651,0,0.5344,3.3762,8.88573e+006,0.1,0.1,0.3,18.2,64,0,0
wikimedia,2026-04-28,Segmented No Adapt,30000,29410,590,0,0,3.3378,8.98796e+006,0.1,0.1,0.3,13.3,64,0,0
wikimedia,2026-04-29,Segmented No Adapt,30000,29394,606,0,0,3.3338,8.99874e+006,0.1,0.1,0.3,15.7,64,0,0
wikimedia,2026-04-30,Segmented No Adapt,30000,29419,581,0,0,3.3166,9.04541e+006,0.1,0.1,0.3,9.9,64,0,0
wikimedia,2026-05-01,Segmented No Adapt,30000,29452,548,0,0,3.2639,9.19146e+006,0.1,0.1,0.3,3.2,64,0,0
wikimedia,2026-05-02,Segmented No Adapt,30000,29401,599,0,0,3.3449,8.96888e+006,0.1,0.1,0.3,21.1,64,0,0
wikimedia,2026-05-03,Segmented No Adapt,30000,29388,612,0,0,3.2657,9.18639e+006,0.1,0.1,0.3,4.5,64,0,0
wikimedia,2026-05-04,Segmented No Adapt,30000,29374,626,0,0,3.6652,8.18509e+006,0.1,0.2,0.4,89.1,64,0,0
wikimedia,2026-05-05,Segmented No Adapt,30000,29425,575,0,0,3.6735,8.1666e+006,0.1,0.2,0.4,61.9,64,0,0
wikimedia,2026-05-06,Segmented No Adapt,30000,29378,622,0,0,3.5351,8.48632e+006,0.1,0.2,0.3,25.5,64,0,0
wikimedia,2026-04-27,Segmented Adaptive,30000,29349,651,0,0.5562,3.72,8.06452e+006,0.1,0.1,0.3,171.9,60,3,1
wikimedia,2026-04-28,Segmented Adaptive,30000,29410,590,0,0,3.5299,8.49882e+006,0.1,0.1,0.3,39.1,60,4,0
wikimedia,2026-04-29,Segmented Adaptive,30000,29394,606,0,0,3.4686,8.64902e+006,0.1,0.1,0.3,36.7,60,4,0
wikimedia,2026-04-30,Segmented Adaptive,30000,29419,581,0,0,3.4259,8.75682e+006,0.1,0.1,0.3,40.1,60,4,0
wikimedia,2026-05-01,Segmented Adaptive,30000,29452,548,0,0,3.6642,8.18733e+006,0.1,0.1,0.3,50.4,60,4,0
wikimedia,2026-05-02,Segmented Adaptive,30000,29401,599,0,0,3.7186,8.06755e+006,0.1,0.2,0.3,49.9,60,5,0
wikimedia,2026-05-03,Segmented Adaptive,30000,29388,612,0,0,3.3707,8.90023e+006,0.1,0.1,0.3,34.5,60,3,0
wikimedia,2026-05-04,Segmented Adaptive,30000,29374,626,0,0,3.7886,7.91849e+006,0.1,0.1,0.3,146.1,60,5,0
wikimedia,2026-05-05,Segmented Adaptive,30000,29425,575,0,0,3.3852,8.86211e+006,0.1,0.1,0.3,117.7,60,2,0
wikimedia,2026-05-06,Segmented Adaptive,30000,29378,622,0,0,3.6638,8.18822e+006,0.1,0.1,0.3,42.7,60,3,0
