workload,index,operations,reads,updates,misses,load_ms,run_ms,throughput_ops_sec,p50_us,p95_us,p99_us,max_us,final_fanout,adaptations,restructures
YCSB-A,Static B+Tree f=64,100000,50128,49872,0,12.8996,20.9504,4.77318e+006,0.1,0.3,0.6,147,64,0,0
YCSB-A,Static B+Tree f=256,100000,50128,49872,0,21.5116,20.5034,4.87724e+006,0.1,0.3,0.5,208.4,256,0,0
YCSB-A,Static Region x8,100000,50128,49872,0,12.585,21.6896,4.6105e+006,0.1,0.4,0.6,74.8,64,0,0
YCSB-A,Adaptive RL,100000,50128,49872,0,21.8551,101.338,986795,0.1,0.5,0.9,16717.4,8,20,5
YCSB-A,Adaptive Regression,100000,50128,49872,0,21.0936,69.8399,1.43185e+006,0.1,0.5,0.8,15697.7,32,20,3
YCSB-A,Segmented Adaptive,100000,50128,49872,0,20.0777,24.5144,4.07924e+006,0.1,0.4,0.7,1499.5,60,9,1
YCSB-A,Adaptive ACO,100000,50128,49872,0,22.9521,47.01,2.12721e+006,0.2,0.5,0.9,14478.8,8,20,1
YCSB-B,Static B+Tree f=64,100000,94843,5157,0,12.8499,14.0065,7.13954e+006,0.1,0.2,0.4,114.7,64,0,0
YCSB-B,Static B+Tree f=256,100000,94843,5157,0,22.8936,14.2921,6.99687e+006,0.1,0.2,0.4,112.7,256,0,0
YCSB-B,Static Region x8,100000,94843,5157,0,11.9648,16.3316,6.1231e+006,0.1,0.3,0.5,93.3,64,0,0
YCSB-B,Adaptive RL,100000,94843,5157,0,21.1614,92.3937,1.08232e+006,0.1,0.4,0.7,23694.9,16,20,4
YCSB-B,Adaptive Regression,100000,94843,5157,0,21.2322,66.0706,1.51353e+006,0.1,0.4,0.7,14824.5,32,20,3
YCSB-B,Segmented Adaptive,100000,94843,5157,0,19.1486,21.6034,4.6289e+006,0.1,0.4,0.7,1509.3,60,9,1
YCSB-B,Adaptive ACO,100000,94843,5157,0,21.5988,45.8429,2.18136e+006,0.1,0.5,0.9,15493.2,8,20,1
YCSB-C,Static B+Tree f=64,100000,100000,0,0,12.3595,13.2808,7.52967e+006,0.1,0.2,0.4,126,64,0,0
YCSB-C,Static B+Tree f=256,100000,100000,0,0,24.7431,13.3411,7.49563e+006,0.1,0.2,0.4,71.9,256,0,0
YCSB-C,Static Region x8,100000,100000,0,0,11.259,15.0666,6.6372e+006,0.1,0.3,0.4,119.5,64,0,0
YCSB-C,Adaptive RL,100000,100000,0,0,20.8021,83.9825,1.19072e+006,0.1,0.5,0.8,15246.3,8,20,4
YCSB-C,Adaptive Regression,100000,100000,0,0,21.1746,65.7131,1.52177e+006,0.1,0.4,0.8,15652,32,20,3
YCSB-C,Segmented Adaptive,100000,100000,0,0,20.1742,21.4082,4.67111e+006,0.1,0.4,0.7,1418.7,60,9,1
YCSB-C,Adaptive ACO,100000,100000,0,0,21.0351,42.2962,2.36428e+006,0.1,0.5,0.8,15454.4,8,20,1
