trial,workload,index,operations,reads,updates,misses,load_ms,run_ms,throughput_ops_sec,p50_us,p95_us,p99_us,max_us,final_fanout,adaptations,restructures
1,YCSB-A,Static B+Tree f=64,100000,50128,49872,0,12.8587,19.745,5.06457e+006,0.1,0.3,0.5,41.4,64,0,0
1,YCSB-A,Static B+Tree f=256,100000,50128,49872,0,21.6251,19.9737,5.00658e+006,0.1,0.3,0.5,67.3,256,0,0
1,YCSB-A,Static Region x8,100000,50128,49872,0,11.4231,22.7789,4.39003e+006,0.1,0.4,0.6,357.2,64,0,0
1,YCSB-A,Adaptive RL,100000,50128,49872,0,20.785,107.011,934482,0.2,0.6,0.9,17716.7,8,20,5
1,YCSB-A,Adaptive Regression,100000,50128,49872,0,22.4221,69.4305,1.44029e+006,0.1,0.5,0.9,15033.2,32,20,3
1,YCSB-A,Segmented Adaptive,100000,50128,49872,0,20.7026,29.1218,3.43385e+006,0.1,0.5,0.9,1541.7,60,9,1
1,YCSB-A,Adaptive ACO,100000,50128,49872,0,22.9883,52.7817,1.8946e+006,0.2,0.6,0.9,17800.1,8,20,1
1,YCSB-B,Static B+Tree f=64,100000,94843,5157,0,12.9731,14.4847,6.90384e+006,0.1,0.3,0.4,99.8,64,0,0
1,YCSB-B,Static B+Tree f=256,100000,94843,5157,0,23.9827,14.3309,6.97793e+006,0.1,0.3,0.4,201.2,256,0,0
1,YCSB-B,Static Region x8,100000,94843,5157,0,13.4852,18.4612,5.41677e+006,0.1,0.3,0.6,242.6,64,0,0
1,YCSB-B,Adaptive RL,100000,94843,5157,0,23.28,109.434,913795,0.1,0.6,1.1,26856.3,16,20,4
1,YCSB-B,Adaptive Regression,100000,94843,5157,0,24.6939,68.967,1.44997e+006,0.1,0.5,0.8,16462.6,32,20,3
1,YCSB-B,Segmented Adaptive,100000,94843,5157,0,18.8405,23.3805,4.27707e+006,0.1,0.4,0.7,2229.9,60,9,1
1,YCSB-B,Adaptive ACO,100000,94843,5157,0,22.4715,41.4937,2.41e+006,0.1,0.4,0.7,15436.6,8,20,1
1,YCSB-C,Static B+Tree f=64,100000,100000,0,0,11.9944,15.3098,6.53176e+006,0.1,0.3,0.5,435.9,64,0,0
1,YCSB-C,Static B+Tree f=256,100000,100000,0,0,24.4007,14.8972,6.71267e+006,0.1,0.2,0.4,432.3,256,0,0
1,YCSB-C,Static Region x8,100000,100000,0,0,13.3932,16.2204,6.16508e+006,0.1,0.3,0.5,62.1,64,0,0
1,YCSB-C,Adaptive RL,100000,100000,0,0,20.2107,87.4043,1.14411e+006,0.1,0.6,0.9,16923.3,8,20,4
1,YCSB-C,Adaptive Regression,100000,100000,0,0,23.1641,65.2057,1.53361e+006,0.1,0.4,0.8,15552.3,32,20,3
1,YCSB-C,Segmented Adaptive,100000,100000,0,0,21.7768,22.5266,4.4392e+006,0.1,0.4,0.7,1756.2,60,9,1
1,YCSB-C,Adaptive ACO,100000,100000,0,0,20.4422,41.7598,2.39465e+006,0.1,0.4,0.7,16092.4,8,20,1
2,YCSB-A,Static B+Tree f=64,100000,50128,49872,0,13.8125,21.6043,4.62871e+006,0.1,0.4,0.6,55.3,64,0,0
2,YCSB-A,Static B+Tree f=256,100000,50128,49872,0,21.3955,21.7273,4.6025e+006,0.2,0.4,0.6,74.3,256,0,0
2,YCSB-A,Static Region x8,100000,50128,49872,0,12.957,21.8162,4.58375e+006,0.1,0.4,0.6,383.8,64,0,0
2,YCSB-A,Adaptive RL,100000,50128,49872,0,20.9476,106.601,938079,0.2,0.6,1,17974.1,8,20,5
2,YCSB-A,Adaptive Regression,100000,50128,49872,0,32.7564,110.722,903161,0.2,0.9,1.8,27061,32,20,3
2,YCSB-A,Segmented Adaptive,100000,50128,49872,0,18.8541,27.6784,3.61293e+006,0.2,0.5,0.9,1432.4,60,9,1
2,YCSB-A,Adaptive ACO,100000,50128,49872,0,22.8286,52.4524,1.90649e+006,0.2,0.6,1.1,16982.9,8,20,1
2,YCSB-B,Static B+Tree f=64,100000,94843,5157,0,13.2998,24.1587,4.1393e+006,0.1,0.5,0.8,622.5,64,0,0
2,YCSB-B,Static B+Tree f=256,100000,94843,5157,0,25.3467,15.9734,6.26041e+006,0.1,0.3,0.5,236.2,256,0,0
2,YCSB-B,Static Region x8,100000,94843,5157,0,11.8744,25.5319,3.91667e+006,0.1,0.5,1,585.4,64,0,0
2,YCSB-B,Adaptive RL,100000,94843,5157,0,22.7833,118.876,841213,0.1,0.6,0.9,30320.7,16,20,4
2,YCSB-B,Adaptive Regression,100000,94843,5157,0,21.9929,72.916,1.37144e+006,0.1,0.5,0.9,17507.2,32,20,3
2,YCSB-B,Segmented Adaptive,100000,94843,5157,0,22.4501,22.7744,4.3909e+006,0.1,0.4,0.7,1591.4,60,9,1
2,YCSB-B,Adaptive ACO,100000,94843,5157,0,25.7143,50.8946,1.96484e+006,0.1,0.6,1,17230.7,8,20,1
2,YCSB-C,Static B+Tree f=64,100000,100000,0,0,11.495,13.4659,7.42617e+006,0.1,0.2,0.4,132,64,0,0
2,YCSB-C,Static B+Tree f=256,100000,100000,0,0,22.308,14.34,6.9735e+006,0.1,0.3,0.4,113.8,256,0,0
2,YCSB-C,Static Region x8,100000,100000,0,0,10.5991,17.1545,5.82937e+006,0.1,0.3,0.6,494.6,64,0,0
2,YCSB-C,Adaptive RL,100000,100000,0,0,23.032,82.9185,1.206e+006,0.1,0.5,0.8,16014.6,8,20,4
2,YCSB-C,Adaptive Regression,100000,100000,0,0,20.2908,64.2261,1.557e+006,0.1,0.4,0.6,14396.9,32,20,3
2,YCSB-C,Segmented Adaptive,100000,100000,0,0,18.8854,18.9918,5.26543e+006,0.1,0.3,0.6,1793.2,60,9,1
2,YCSB-C,Adaptive ACO,100000,100000,0,0,19.6588,43.504,2.29864e+006,0.1,0.4,0.8,17083.8,8,20,1
3,YCSB-A,Static B+Tree f=64,100000,50128,49872,0,14.5255,20.9392,4.77573e+006,0.1,0.4,0.6,30.2,64,0,0
3,YCSB-A,Static B+Tree f=256,100000,50128,49872,0,22.2249,23.1925,4.31174e+006,0.2,0.4,0.6,194.7,256,0,0
3,YCSB-A,Static Region x8,100000,50128,49872,0,12.8368,21.9274,4.5605e+006,0.2,0.4,0.6,71.2,64,0,0
3,YCSB-A,Adaptive RL,100000,50128,49872,0,22.386,102.19,978573,0.2,0.6,1,16805,8,20,5
3,YCSB-A,Adaptive Regression,100000,50128,49872,0,21.637,67.4479,1.48263e+006,0.1,0.5,0.8,14901.9,32,20,3
3,YCSB-A,Segmented Adaptive,100000,50128,49872,0,19.158,24.5078,4.08033e+006,0.1,0.4,0.7,1403.7,60,9,1
3,YCSB-A,Adaptive ACO,100000,50128,49872,0,20.9473,47.3202,2.11326e+006,0.2,0.5,0.8,16067.4,8,20,1
3,YCSB-B,Static B+Tree f=64,100000,94843,5157,0,11.931,15.9063,6.28682e+006,0.1,0.3,0.5,109.9,64,0,0
3,YCSB-B,Static B+Tree f=256,100000,94843,5157,0,21.5271,14.1454,7.06944e+006,0.1,0.3,0.4,294.3,256,0,0
3,YCSB-B,Static Region x8,100000,94843,5157,0,11.0834,13.5552,7.37724e+006,0.1,0.2,0.4,141.3,64,0,0
3,YCSB-B,Adaptive RL,100000,94843,5157,0,19.4159,89.4066,1.11849e+006,0.1,0.4,0.7,23166.8,16,20,4
3,YCSB-B,Adaptive Regression,100000,94843,5157,0,23.8445,62.9086,1.58961e+006,0.1,0.4,0.7,14048.7,32,20,3
3,YCSB-B,Segmented Adaptive,100000,94843,5157,0,19.7413,19.0928,5.23758e+006,0.1,0.3,0.5,1332.6,60,9,1
3,YCSB-B,Adaptive ACO,100000,94843,5157,0,20.4786,44.671,2.23859e+006,0.1,0.5,0.7,15920.3,8,20,1
3,YCSB-C,Static B+Tree f=64,100000,100000,0,0,11.5784,14.4563,6.9174e+006,0.1,0.3,0.4,457.7,64,0,0
3,YCSB-C,Static B+Tree f=256,100000,100000,0,0,22.8051,13.9186,7.18463e+006,0.1,0.3,0.4,254.5,256,0,0
3,YCSB-C,Static Region x8,100000,100000,0,0,10.8895,16.2952,6.13678e+006,0.1,0.3,0.5,303.1,64,0,0
3,YCSB-C,Adaptive RL,100000,100000,0,0,20.4235,85.8875,1.16431e+006,0.1,0.5,0.9,15577.5,8,20,4
3,YCSB-C,Adaptive Regression,100000,100000,0,0,21.8553,67.564,1.48008e+006,0.1,0.4,0.7,14524,32,20,3
3,YCSB-C,Segmented Adaptive,100000,100000,0,0,21.5949,22.2554,4.49329e+006,0.1,0.4,0.7,1582,60,9,1
3,YCSB-C,Adaptive ACO,100000,100000,0,0,20.8618,42.204,2.36944e+006,0.1,0.5,0.7,15057.8,8,20,1
4,YCSB-A,Static B+Tree f=64,100000,50128,49872,0,12.9909,23.4304,4.26796e+006,0.2,0.4,0.6,193.6,64,0,0
4,YCSB-A,Static B+Tree f=256,100000,50128,49872,0,22.9472,23.3588,4.28104e+006,0.2,0.4,0.7,458.5,256,0,0
4,YCSB-A,Static Region x8,100000,50128,49872,0,11.7612,24.8195,4.02909e+006,0.2,0.5,0.8,193.9,64,0,0
4,YCSB-A,Adaptive RL,100000,50128,49872,0,21.7467,114.719,871697,0.2,0.7,1.1,18673.2,8,20,5
4,YCSB-A,Adaptive Regression,100000,50128,49872,0,22.6027,72.6754,1.37598e+006,0.2,0.6,1,15798.2,32,20,3
4,YCSB-A,Segmented Adaptive,100000,50128,49872,0,21.5565,25.3185,3.94968e+006,0.1,0.5,0.8,1678.2,60,9,1
4,YCSB-A,Adaptive ACO,100000,50128,49872,0,21.7452,47.6633,2.09805e+006,0.2,0.6,0.9,15349.1,8,20,1
4,YCSB-B,Static B+Tree f=64,100000,94843,5157,0,12.2135,14.2316,7.02662e+006,0.1,0.3,0.4,51.2,64,0,0
4,YCSB-B,Static B+Tree f=256,100000,94843,5157,0,22.3271,16.3907,6.10102e+006,0.1,0.3,0.5,77.7,256,0,0
4,YCSB-B,Static Region x8,100000,94843,5157,0,11.7466,18.6661,5.35731e+006,0.1,0.3,0.6,617.6,64,0,0
4,YCSB-B,Adaptive RL,100000,94843,5157,0,21.2698,103.634,964937,0.1,0.5,0.8,23649.3,16,20,4
4,YCSB-B,Adaptive Regression,100000,94843,5157,0,23.3029,71.4411,1.39975e+006,0.1,0.5,0.9,15903.8,32,20,3
4,YCSB-B,Segmented Adaptive,100000,94843,5157,0,19.0744,21.1265,4.73339e+006,0.1,0.4,0.6,1668.5,60,9,1
4,YCSB-B,Adaptive ACO,100000,94843,5157,0,35.6797,48.3888,2.06659e+006,0.1,0.7,1.2,16202.3,8,20,1
4,YCSB-C,Static B+Tree f=64,100000,100000,0,0,11.5063,14.6806,6.81171e+006,0.1,0.3,0.5,112.4,64,0,0
4,YCSB-C,Static B+Tree f=256,100000,100000,0,0,21.6168,14.8972,6.71267e+006,0.1,0.3,0.4,119.4,256,0,0
4,YCSB-C,Static Region x8,100000,100000,0,0,11.1267,18.0062,5.55364e+006,0.1,0.3,0.6,1131.5,64,0,0
4,YCSB-C,Adaptive RL,100000,100000,0,0,20.5516,106.206,941564,0.1,0.8,1.4,23037.4,8,20,4
4,YCSB-C,Adaptive Regression,100000,100000,0,0,21.386,72.1397,1.3862e+006,0.1,0.5,0.8,16119,32,20,3
4,YCSB-C,Segmented Adaptive,100000,100000,0,0,21.1474,20.6671,4.83861e+006,0.1,0.4,0.6,1567.6,60,9,1
4,YCSB-C,Adaptive ACO,100000,100000,0,0,20.9467,43.149,2.31755e+006,0.1,0.5,0.8,15999,8,20,1
5,YCSB-A,Static B+Tree f=64,100000,50128,49872,0,12.8996,20.9504,4.77318e+006,0.1,0.3,0.6,147,64,0,0
5,YCSB-A,Static B+Tree f=256,100000,50128,49872,0,21.5116,20.5034,4.87724e+006,0.1,0.3,0.5,208.4,256,0,0
5,YCSB-A,Static Region x8,100000,50128,49872,0,12.585,21.6896,4.6105e+006,0.1,0.4,0.6,74.8,64,0,0
5,YCSB-A,Adaptive RL,100000,50128,49872,0,21.8551,101.338,986795,0.1,0.5,0.9,16717.4,8,20,5
5,YCSB-A,Adaptive Regression,100000,50128,49872,0,21.0936,69.8399,1.43185e+006,0.1,0.5,0.8,15697.7,32,20,3
5,YCSB-A,Segmented Adaptive,100000,50128,49872,0,20.0777,24.5144,4.07924e+006,0.1,0.4,0.7,1499.5,60,9,1
5,YCSB-A,Adaptive ACO,100000,50128,49872,0,22.9521,47.01,2.12721e+006,0.2,0.5,0.9,14478.8,8,20,1
5,YCSB-B,Static B+Tree f=64,100000,94843,5157,0,12.8499,14.0065,7.13954e+006,0.1,0.2,0.4,114.7,64,0,0
5,YCSB-B,Static B+Tree f=256,100000,94843,5157,0,22.8936,14.2921,6.99687e+006,0.1,0.2,0.4,112.7,256,0,0
5,YCSB-B,Static Region x8,100000,94843,5157,0,11.9648,16.3316,6.1231e+006,0.1,0.3,0.5,93.3,64,0,0
5,YCSB-B,Adaptive RL,100000,94843,5157,0,21.1614,92.3937,1.08232e+006,0.1,0.4,0.7,23694.9,16,20,4
5,YCSB-B,Adaptive Regression,100000,94843,5157,0,21.2322,66.0706,1.51353e+006,0.1,0.4,0.7,14824.5,32,20,3
5,YCSB-B,Segmented Adaptive,100000,94843,5157,0,19.1486,21.6034,4.6289e+006,0.1,0.4,0.7,1509.3,60,9,1
5,YCSB-B,Adaptive ACO,100000,94843,5157,0,21.5988,45.8429,2.18136e+006,0.1,0.5,0.9,15493.2,8,20,1
5,YCSB-C,Static B+Tree f=64,100000,100000,0,0,12.3595,13.2808,7.52967e+006,0.1,0.2,0.4,126,64,0,0
5,YCSB-C,Static B+Tree f=256,100000,100000,0,0,24.7431,13.3411,7.49563e+006,0.1,0.2,0.4,71.9,256,0,0
5,YCSB-C,Static Region x8,100000,100000,0,0,11.259,15.0666,6.6372e+006,0.1,0.3,0.4,119.5,64,0,0
5,YCSB-C,Adaptive RL,100000,100000,0,0,20.8021,83.9825,1.19072e+006,0.1,0.5,0.8,15246.3,8,20,4
5,YCSB-C,Adaptive Regression,100000,100000,0,0,21.1746,65.7131,1.52177e+006,0.1,0.4,0.8,15652,32,20,3
5,YCSB-C,Segmented Adaptive,100000,100000,0,0,20.1742,21.4082,4.67111e+006,0.1,0.4,0.7,1418.7,60,9,1
5,YCSB-C,Adaptive ACO,100000,100000,0,0,21.0351,42.2962,2.36428e+006,0.1,0.5,0.8,15454.4,8,20,1
