workload,index,mean_ops_sec,stddev_ops_sec,ci95_ops_sec,cv_percent,ci95_percent,vs_baseline,mean_p95_us,mean_p99_us,trials
YCSB-A,Static B+Tree f=64,4702030.0,289707.5471056976,359661.7629060842,6.161329194107601,7.649074185109074,1.0,0.36,0.5800000000000001,5
YCSB-A,Static B+Tree f=256,4615820.0,326248.95064965344,405026.6343047807,7.06806051036768,8.774749325250566,0.9816653658100862,0.36,0.5800000000000001,5
YCSB-A,Static Region x8,4434774.0,242622.15280142907,301206.89663909393,5.470902300803357,6.791933402673821,0.9431615706407658,0.42000000000000004,0.6399999999999999,5
YCSB-A,Adaptive RL,941925.2,45712.56597698274,56750.5480285051,4.853099373175571,6.024952727510115,0.20032309449322952,0.6,0.9800000000000001,5
YCSB-A,Adaptive Regression,1326782.2,239836.99914566975,297749.22601987026,18.076591557052073,22.441454672806906,0.28217221072600557,0.6,1.06,5
YCSB-A,Segmented Adaptive,3831206.0,292897.56064194185,363622.0528729909,7.645048599369019,9.491059809182563,0.8147982892495369,0.45999999999999996,0.8,5
YCSB-A,Adaptive ACO,2027922.0,116810.85553149588,145016.58188316997,5.760125662204754,7.1509940660030304,0.4312864869003388,0.5599999999999999,0.9199999999999999,5
YCSB-B,Static B+Tree f=64,6299224.0,1251621.1460661727,1553843.7723904224,19.86944973009648,24.667225239020276,1.0,0.32,0.5,5
YCSB-B,Static B+Tree f=256,6681134.0,461546.1986952119,572993.4243817186,6.908201492369587,8.576289958886,1.060628102763134,0.27999999999999997,0.44000000000000006,5
YCSB-B,Static Region x8,5638218.0,1260057.945877887,1564317.7635718111,22.348514120558786,27.744896766528203,0.8950654874314677,0.32,0.62,5
YCSB-B,Adaptive RL,984151.0,115579.55686236212,143487.9677534076,11.744087732711964,14.579873185457071,0.15623368846702387,0.5,0.8400000000000001,5
YCSB-B,Adaptive Regression,1464860.0,88203.81511023206,109501.94413131486,6.0213136484191025,7.4752497939267135,0.2325461040915516,0.45999999999999996,0.8,5
YCSB-B,Segmented Adaptive,4653568.0,373763.06006613333,464013.73535330436,8.031752411614772,9.97113903467843,0.7387525828578251,0.38,0.64,5
YCSB-B,Adaptive ACO,2172276.0,169699.72784303458,210676.26263267672,7.812070282184886,9.698411372803305,0.3448481908247746,0.54,0.9,5
YCSB-C,Static B+Tree f=64,7043342.0,422582.27443895466,524621.0784495921,5.999740953072486,7.448468048968687,1.0,0.26,0.44000000000000006,5
YCSB-C,Static B+Tree f=256,7015820.0,333281.1424308312,413756.8538602599,4.750423221103609,5.897483884424912,0.9960924799619272,0.26,0.4,5
YCSB-C,Static Region x8,6064414.0,406075.74549583724,504128.8014673293,6.696042610148932,8.312902144664418,0.861013706277503,0.3,0.52,5
YCSB-C,Adaptive RL,1129340.8,107639.60699110714,133630.7983540905,9.531189078718057,11.832637088298812,0.16034161055930551,0.5800000000000001,0.96,5
YCSB-C,Adaptive Regression,1495732.0,67284.34491023897,83531.15529147231,4.498422505518299,5.584633830891652,0.21236112061575316,0.42000000000000004,0.7399999999999999,5
YCSB-C,Segmented Adaptive,4741528.0,332370.7415221743,412626.6230498096,7.009781267181683,8.70239768804085,0.6731929246088008,0.38,0.6599999999999999,5
YCSB-C,Adaptive ACO,2348912.0,39561.30647488781,49113.97501299751,1.6842396171030591,2.090924437058413,0.33349395783990043,0.45999999999999996,0.76,5
