run_id,variant,seed,repetition,routing_events,monitor_events,monitor_samples,monitor_work_ms,policy_evaluations,maintained,hysteresis_skips,cooldown_skips,cost_skips,rebuilds_suppressed,rebuild_count,rebuild_total_ms,monitor_bytes,tree_bytes,peak_rss_bytes
1c642b9ede8e9a7da628f6f8,ADAPT-V2,23,1,1000000,1000000,31247,86.7741439999987,196,196,0,0,0,0,0,0,68416,30552576,76140544
dc247a02507f69b2f65da742,STATIC-REGIONAL,23,1,1000000,0,0,0,0,0,0,0,0,0,0,0,0,30552576,75984896
4b5cfd00cd600a885bc65c97,V2-MONITOR,53,2,1000000,1000000,31246,88.204159999999,0,0,0,0,0,0,0,0,68416,30552576,76083200
2c478b94446a432a41fc28ad,V2-CONTROLLER,23,3,1000000,1000000,31247,80.0577279999989,196,196,0,0,0,0,0,0,68416,30552576,76218368
07f9d522e40915ef6a768556,STATIC-REGIONAL,53,0,1000000,0,0,0,0,0,0,0,0,0,0,0,0,30552576,76169216
bd46e9c1649f3cae10fbf9a7,ADAPT-V2,11,2,1000000,1000000,31245,95.3361920000003,197,186,5,0,6,0,0,0,68416,30552576,76218368
66032ff9d217699b1eb6765e,V2-MONITOR,53,0,1000000,1000000,31246,90.8197119999995,0,0,0,0,0,0,0,0,68416,30552576,76001280
43570b7bfa7a61d492e4a470,STATIC-REGIONAL,11,0,1000000,0,0,0,0,0,0,0,0,0,0,0,0,30552576,76156928
f7e9a6cd60186e4c0067f989,V2-MONITOR,11,2,1000000,1000000,31245,85.1377919999999,0,0,0,0,0,0,0,0,68416,30552576,76087296
a5038fe35b10edb5efb67fc7,ADAPT-V2,37,4,1000000,1000000,31245,88.6899199999999,197,193,2,0,2,0,0,0,68416,30552576,76083200
6d98bf386d0187ea535cafaf,V2-MONITOR,71,0,1000000,1000000,31247,86.5445119999992,0,0,0,0,0,0,0,0,68416,30552576,76013568
6830d39c35dbf10f6de008c8,ADAPT-V2,37,3,1000000,1000000,31245,88.8583679999997,197,193,2,0,2,0,0,0,68416,30552576,76222464
19b92907d718593c72490acf,ADAPT-V2,53,4,1000000,1000000,31246,84.1365759999985,196,188,2,0,6,0,0,0,68416,30552576,76296192
13cfd5636542987a9d590474,V2-DATAPATH,37,3,1000000,0,0,0,0,0,0,0,0,0,0,0,68416,30552576,76091392
7d32b971311b18eb1a2f43a8,STATIC-REGIONAL,37,3,1000000,0,0,0,0,0,0,0,0,0,0,0,0,30552576,76152832
dc1cf669bee9a48679c82c99,V2-MONITOR,37,1,1000000,1000000,31245,88.6021120000001,0,0,0,0,0,0,0,0,68416,30552576,76087296
c79ab1e40e64b43dbd9aaaf1,V2-DATAPATH,71,3,1000000,0,0,0,0,0,0,0,0,0,0,0,68416,30552576,76001280
ab3915614629396f322d61ef,V2-MONITOR,23,2,1000000,1000000,31247,87.8640640000001,0,0,0,0,0,0,0,0,68416,30552576,76083200
490166d3b491743d0edfdd74,V2-DATAPATH,11,2,1000000,0,0,0,0,0,0,0,0,0,0,0,68416,30552576,76013568
2dd54131d72e3a975e1a7e1e,ADAPT-V2,23,2,1000000,1000000,31247,84.1612799999995,196,196,0,0,0,0,0,0,68416,30552576,76128256
5b483fb388d24c6f1472629a,ADAPT-V2,23,0,1000000,1000000,31247,85.6958719999992,196,196,0,0,0,0,0,0,68416,30552576,76337152
418e79b9fe4c81974a937405,V2-DATAPATH,53,3,1000000,0,0,0,0,0,0,0,0,0,0,0,68416,30552576,76169216
268b78635c29230a84c8fb40,ADAPT-V2,37,0,1000000,1000000,31245,88.0339199999997,197,193,2,0,2,0,0,0,68416,30552576,76218368
011a94668a76ff462be22dd0,V2-DATAPATH,11,1,1000000,0,0,0,0,0,0,0,0,0,0,0,68416,30552576,76009472
e973d4bfe664cd66a912e817,V2-DATAPATH,53,2,1000000,0,0,0,0,0,0,0,0,0,0,0,68416,30552576,76087296
a334b62ef5d26b3091578873,STATIC,71,2,1000000,0,0,0,0,0,0,0,0,0,0,0,0,30553400,76013568
1831c7f5ac5daa2c2c87350f,V2-DATAPATH,37,4,1000000,0,0,0,0,0,0,0,0,0,0,0,68416,30552576,76083200
a4f9e883fe25ad23d7345f8b,STATIC,53,3,1000000,0,0,0,0,0,0,0,0,0,0,0,0,30553400,76021760
08ef7bc728bd6ae123989152,V2-CONTROLLER,53,3,1000000,1000000,31246,92.909951999999,196,188,2,0,6,0,0,0,68416,30552576,76144640
19d51cca8afcba5a5beb26ed,V2-MONITOR,71,4,1000000,1000000,31247,83.8727679999989,0,0,0,0,0,0,0,0,68416,30552576,76087296
48952e275803f55c34c294e2,V2-DATAPATH,53,4,1000000,0,0,0,0,0,0,0,0,0,0,0,68416,30552576,76087296
36e7a5ca94d34a64aa619023,V2-MONITOR,71,2,1000000,1000000,31247,86.9795839999991,0,0,0,0,0,0,0,0,68416,30552576,75988992
9626e6005e77e9aa2e79f14a,STATIC,71,3,1000000,0,0,0,0,0,0,0,0,0,0,0,0,30553400,75997184
21d07a6e5647337c65c14b95,ADAPT-V2,23,3,1000000,1000000,31247,87.2360960000002,196,196,0,0,0,0,0,0,68416,30552576,76156928
f5594abefc85da961ac67ee0,V2-DATAPATH,71,2,1000000,0,0,0,0,0,0,0,0,0,0,0,68416,30552576,76083200
8b3c058491a021b27f9ef80a,STATIC-REGIONAL,53,3,1000000,0,0,0,0,0,0,0,0,0,0,0,0,30552576,76029952
362d358fe693f600bebc2fdf,V2-MONITOR,37,0,1000000,1000000,31245,84.6758399999995,0,0,0,0,0,0,0,0,68416,30552576,75993088
2a441aecea6db7d71c6ce12d,STATIC-REGIONAL,11,1,1000000,0,0,0,0,0,0,0,0,0,0,0,0,30552576,75894784
3d2186abdd986f881b73225f,V2-MONITOR,23,4,1000000,1000000,31247,85.3515519999995,0,0,0,0,0,0,0,0,68416,30552576,76169216
725cc0ae657e4f1125220c10,STATIC,37,1,1000000,0,0,0,0,0,0,0,0,0,0,0,0,30553400,75997184
3a3f94ea2d9821cce0298525,V2-MONITOR,23,0,1000000,1000000,31247,84.726015999999,0,0,0,0,0,0,0,0,68416,30552576,76091392
025d8d5c5575d5af3aca4fc3,STATIC,11,4,1000000,0,0,0,0,0,0,0,0,0,0,0,0,30553400,76152832
70bfb9779b08edf664e4d03f,V2-CONTROLLER,37,4,1000000,1000000,31245,86.1943039999995,197,193,2,0,2,0,0,0,68416,30552576,76156928
61f46210917f34fab365194c,STATIC-REGIONAL,37,1,1000000,0,0,0,0,0,0,0,0,0,0,0,0,30552576,76013568
90ddc1b76cd37a16e9879f76,ADAPT-V2,37,2,1000000,1000000,31245,95.2454399999998,197,193,2,0,2,0,0,0,68416,30552576,76218368
1e49e029b66261805152d03c,V2-DATAPATH,23,2,1000000,0,0,0,0,0,0,0,0,0,0,0,68416,30552576,76201984
63258bb740a896ac7e9bf63b,STATIC-REGIONAL,23,3,1000000,0,0,0,0,0,0,0,0,0,0,0,0,30552576,76165120
da08153ccc773619e15b99e6,STATIC-REGIONAL,71,1,1000000,0,0,0,0,0,0,0,0,0,0,0,0,30552576,76169216
3851154b638e35ad77d6f107,V2-MONITOR,11,1,1000000,1000000,31245,82.4140799999987,0,0,0,0,0,0,0,0,68416,30552576,76021760
0816ee6e841856201a2a424f,V2-DATAPATH,23,3,1000000,0,0,0,0,0,0,0,0,0,0,0,68416,30552576,75993088
1b7c251c2ac14d61ae3723ef,STATIC-REGIONAL,71,3,1000000,0,0,0,0,0,0,0,0,0,0,0,0,30552576,76156928
8d67ec98fd1418fcf28341b6,STATIC-REGIONAL,11,3,1000000,0,0,0,0,0,0,0,0,0,0,0,0,30552576,76070912
5799dc363a31d6f9deb05bc4,STATIC-REGIONAL,23,4,1000000,0,0,0,0,0,0,0,0,0,0,0,0,30552576,76001280
c333c19b48bd7b8153589fb1,V2-DATAPATH,71,1,1000000,0,0,0,0,0,0,0,0,0,0,0,68416,30552576,75988992
18a0a9607fa8221dcca496b8,STATIC,23,1,1000000,0,0,0,0,0,0,0,0,0,0,0,0,30553400,76152832
fb77850db81f7d8428c02c1b,STATIC,37,3,1000000,0,0,0,0,0,0,0,0,0,0,0,0,30553400,76029952
796ba7af6094208558d1a562,V2-MONITOR,53,4,1000000,1000000,31246,84.8223999999995,0,0,0,0,0,0,0,0,68416,30552576,76091392
6a06f2ff8b792c945588cf5a,STATIC,37,2,1000000,0,0,0,0,0,0,0,0,0,0,0,0,30553400,76025856
b56c6ffd7c8ca54e046aeb95,STATIC,37,4,1000000,0,0,0,0,0,0,0,0,0,0,0,0,30553400,76013568
b9d3f1b6de188f482827953a,V2-CONTROLLER,37,1,1000000,1000000,31245,87.2889599999998,197,193,2,0,2,0,0,0,68416,30552576,76218368
6da4cbe8405092c57149fa65,V2-DATAPATH,37,1,1000000,0,0,0,0,0,0,0,0,0,0,0,68416,30552576,75997184
1365a3cf8ad4770aabcda0ea,V2-DATAPATH,37,0,1000000,0,0,0,0,0,0,0,0,0,0,0,68416,30552576,76017664
17968d5eb6fbbe3d1509b664,V2-DATAPATH,71,0,1000000,0,0,0,0,0,0,0,0,0,0,0,68416,30552576,76087296
5c3d017c3ee783af0608e024,V2-CONTROLLER,11,2,1000000,1000000,31245,87.3844480000004,197,186,5,0,6,0,0,0,68416,30552576,76222464
a125402d44dc0acecddf3a77,STATIC,71,0,1000000,0,0,0,0,0,0,0,0,0,0,0,0,30553400,76083200
1f7b65bff71ee96678be30db,V2-CONTROLLER,71,4,1000000,1000000,31247,83.4781439999995,196,101,6,0,89,0,0,0,68416,30552576,76222464
1c091a2060b828a1df6c1321,ADAPT-V2,71,1,1000000,1000000,31247,88.1962239999999,196,101,6,0,89,0,0,0,68416,30552576,76132352
d44ff6d2cd570c14a9fb5ca1,STATIC-REGIONAL,71,0,1000000,0,0,0,0,0,0,0,0,0,0,0,0,30552576,76083200
ada56a2455de780a538a66bb,STATIC,71,1,1000000,0,0,0,0,0,0,0,0,0,0,0,0,30553400,76152832
75a9f40ee2d85382c97f3bbe,V2-CONTROLLER,71,3,1000000,1000000,31247,90.1109759999993,196,101,6,0,89,0,0,0,68416,30552576,76120064
5d84322f141daca9ed19ae12,V2-CONTROLLER,53,1,1000000,1000000,31246,86.5829119999997,196,188,2,0,6,0,0,0,68416,30552576,76218368
c0027481f76c06d7694e7775,V2-CONTROLLER,23,0,1000000,1000000,31247,90.098688,196,196,0,0,0,0,0,0,68416,30552576,76115968
c70635a90cb9d00e8a92f39c,V2-DATAPATH,37,2,1000000,0,0,0,0,0,0,0,0,0,0,0,68416,30552576,76165120
bd2b57fd00930ec7ad4c4fb4,STATIC,11,2,1000000,0,0,0,0,0,0,0,0,0,0,0,0,30553400,76005376
d79ee8cf694138056f1432c7,V2-MONITOR,53,1,1000000,1000000,31246,84.0017919999993,0,0,0,0,0,0,0,0,68416,30552576,76091392
3110fd39c7c98785e5b90a60,STATIC,23,0,1000000,0,0,0,0,0,0,0,0,0,0,0,0,30553400,76152832
e0d9ec4fbbfb1c25602284ef,V2-MONITOR,37,2,1000000,1000000,31245,85.064704,0,0,0,0,0,0,0,0,68416,30552576,76005376
e11bba394a7d4b0f1670442f,ADAPT-V2,23,4,1000000,1000000,31247,88.6936319999997,196,196,0,0,0,0,0,0,68416,30552576,76144640
e5acca24eed9371ca46dae77,V2-DATAPATH,11,4,1000000,0,0,0,0,0,0,0,0,0,0,0,68416,30552576,76091392
4a173b9822be469f6f3af77f,STATIC,11,0,1000000,0,0,0,0,0,0,0,0,0,0,0,0,30553400,76165120
eaadf68d16c1f9d42a3436fd,V2-CONTROLLER,11,4,1000000,1000000,31245,88.8215039999998,197,186,5,0,6,0,0,0,68416,30552576,76218368
d3fc95973be8fc75c824cddd,ADAPT-V2,11,1,1000000,1000000,31245,90.2503680000002,197,186,5,0,6,0,0,0,68416,30552576,76222464
a8cde72f9702de9d954299a3,ADAPT-V2,37,1,1000000,1000000,31245,85.2714239999995,197,193,2,0,2,0,0,0,68416,30552576,76300288
75c5b9329c0639d2eea3db61,STATIC-REGIONAL,23,0,1000000,0,0,0,0,0,0,0,0,0,0,0,0,30552576,76152832
2ebf59893e79d9e76e194a20,STATIC,23,2,1000000,0,0,0,0,0,0,0,0,0,0,0,0,30553400,75997184
d5db6fc07de6a052897c0789,ADAPT-V2,11,4,1000000,1000000,31245,92.6858240000001,197,186,5,0,6,0,0,0,68416,30552576,76218368
a58d63f61f2c28a3acf13650,V2-DATAPATH,23,0,1000000,0,0,0,0,0,0,0,0,0,0,0,68416,30552576,76091392
6660ef7926ff415881008a4e,STATIC-REGIONAL,37,0,1000000,0,0,0,0,0,0,0,0,0,0,0,0,30552576,76156928
21b2ccbf54c93a56d20921bb,V2-MONITOR,53,3,1000000,1000000,31246,89.882495999999,0,0,0,0,0,0,0,0,68416,30552576,76083200
d84dcc6054afc15efb3737f6,V2-CONTROLLER,71,1,1000000,1000000,31247,86.7266559999997,196,101,6,0,89,0,0,0,68416,30552576,76292096
ab550a980d2990c19ca1a762,ADAPT-V2,71,2,1000000,1000000,31247,84.6632959999995,196,101,6,0,89,0,0,0,68416,30552576,76296192
701f5d4e332cbc889c4b7db7,V2-CONTROLLER,71,0,1000000,1000000,31247,84.8204799999992,196,101,6,0,89,0,0,0,68416,30552576,76218368
8fdb119aff193598e2923fb5,V2-MONITOR,11,3,1000000,1000000,31245,89.8348799999997,0,0,0,0,0,0,0,0,68416,30552576,76087296
f32c32e911e6b999275b1a34,V2-MONITOR,11,0,1000000,1000000,31245,85.0584319999999,0,0,0,0,0,0,0,0,68416,30552576,76087296
e5ac05997ea369d442a196f6,STATIC,11,3,1000000,0,0,0,0,0,0,0,0,0,0,0,0,30553400,75988992
be631cb3f4a9dcb077d9a64c,V2-DATAPATH,71,4,1000000,0,0,0,0,0,0,0,0,0,0,0,68416,30552576,76021760
3a9882d6acc7beb62cb19c2d,STATIC-REGIONAL,37,2,1000000,0,0,0,0,0,0,0,0,0,0,0,0,30552576,76005376
2e5d7a043ae6aca02caf139f,ADAPT-V2,53,3,1000000,1000000,31246,86.2804479999989,196,188,2,0,6,0,0,0,68416,30552576,76222464
ffe313992798d9375b92115a,ADAPT-V2,71,0,1000000,1000000,31247,86.0732159999996,196,101,6,0,89,0,0,0,68416,30552576,76148736
896b034d5d2587dae7600406,STATIC,23,4,1000000,0,0,0,0,0,0,0,0,0,0,0,0,30553400,76152832
5dc8af0616c77f0925a16ec1,V2-MONITOR,71,3,1000000,1000000,31247,88.0835839999993,0,0,0,0,0,0,0,0,68416,30552576,76087296
9a1002ed2679bde273a7f307,ADAPT-V2,53,1,1000000,1000000,31246,85.1818239999993,196,188,2,0,6,0,0,0,68416,30552576,76091392
4598312cc24c71fa64edeac4,V2-CONTROLLER,53,2,1000000,1000000,31246,90.6894079999988,196,188,2,0,6,0,0,0,68416,30552576,76214272
50a6b9836b6ad9b213cf5d57,STATIC,53,2,1000000,0,0,0,0,0,0,0,0,0,0,0,0,30553400,76156928
502ff44577d8cb829166c4ab,V2-MONITOR,23,3,1000000,1000000,31247,90.1643519999994,0,0,0,0,0,0,0,0,68416,30552576,76079104
8ce9f7256f14b0fd08e165e9,STATIC,53,1,1000000,0,0,0,0,0,0,0,0,0,0,0,0,30553400,75837440
a1f7ef11439b4512d0cd80a0,V2-CONTROLLER,23,2,1000000,1000000,31247,89.6607999999998,196,196,0,0,0,0,0,0,68416,30552576,76152832
0b6d2dd8144a4c0201d52c7b,ADAPT-V2,71,3,1000000,1000000,31247,84.7384319999997,196,101,6,0,89,0,0,0,68416,30552576,76222464
c55250ee56ec09ee6d891574,V2-MONITOR,23,1,1000000,1000000,31247,88.5309440000001,0,0,0,0,0,0,0,0,68416,30552576,76025856
191417c226bd162fbe67cc83,STATIC-REGIONAL,53,1,1000000,0,0,0,0,0,0,0,0,0,0,0,0,30552576,75988992
bbb72849db768a7048b19e53,STATIC,71,4,1000000,0,0,0,0,0,0,0,0,0,0,0,0,30553400,76156928
95ec6a8bb223d5ca196e72a6,STATIC-REGIONAL,53,4,1000000,0,0,0,0,0,0,0,0,0,0,0,0,30552576,75923456
d062c2bd88a455da61960c39,V2-CONTROLLER,37,0,1000000,1000000,31245,85.7912319999998,197,193,2,0,2,0,0,0,68416,30552576,76247040
01fc84313b40d62c2e7ff329,STATIC,11,1,1000000,0,0,0,0,0,0,0,0,0,0,0,0,30553400,76169216
7dbc3ba78ea95b624a161909,ADAPT-V2,11,0,1000000,1000000,31245,82.8855039999996,197,186,5,0,6,0,0,0,68416,30552576,76144640
d7e307db669b232e887b024a,STATIC-REGIONAL,11,2,1000000,0,0,0,0,0,0,0,0,0,0,0,0,30552576,76152832
288f5c9c1e3ed973333afeaa,V2-CONTROLLER,53,0,1000000,1000000,31246,86.0908799999995,196,188,2,0,6,0,0,0,68416,30552576,76218368
38a40e0914ca0ec0aebcb57a,STATIC-REGIONAL,11,4,1000000,0,0,0,0,0,0,0,0,0,0,0,0,30552576,76087296
3b7f514d208343308d110d9e,V2-CONTROLLER,37,3,1000000,1000000,31245,84.6001920000005,197,193,2,0,2,0,0,0,68416,30552576,76300288
7eb224c724c18428d2ba9b6f,V2-DATAPATH,53,0,1000000,0,0,0,0,0,0,0,0,0,0,0,68416,30552576,76001280
33441cee9c69060af2c577e1,V2-CONTROLLER,53,4,1000000,1000000,31246,87.5656959999993,196,188,2,0,6,0,0,0,68416,30552576,76161024
27589ae9864c344f3ce5f3c3,V2-DATAPATH,11,3,1000000,0,0,0,0,0,0,0,0,0,0,0,68416,30552576,76165120
d8684414f2acd8c90d951384,STATIC-REGIONAL,53,2,1000000,0,0,0,0,0,0,0,0,0,0,0,0,30552576,76152832
e6375d3c2e0e6da7d9cb650f,V2-CONTROLLER,71,2,1000000,1000000,31247,83.2035839999995,196,101,6,0,89,0,0,0,68416,30552576,76120064
d65104dd8a42d2125b7c5270,V2-DATAPATH,11,0,1000000,0,0,0,0,0,0,0,0,0,0,0,68416,30552576,75993088
3353a6ce30a6ec29e53c2f10,STATIC,53,4,1000000,0,0,0,0,0,0,0,0,0,0,0,0,30553400,75988992
2f5ef53eb6a3f6372b36db2b,V2-MONITOR,37,4,1000000,1000000,31245,87.2271359999992,0,0,0,0,0,0,0,0,68416,30552576,76005376
68d2049e4af736601f11e784,STATIC,53,0,1000000,0,0,0,0,0,0,0,0,0,0,0,0,30553400,76021760
4b390ba16200c5607d8ecba9,STATIC-REGIONAL,71,4,1000000,0,0,0,0,0,0,0,0,0,0,0,0,30552576,76025856
b81b7ea98938e130f119d7fd,STATIC,37,0,1000000,0,0,0,0,0,0,0,0,0,0,0,0,30553400,76079104
c68917082e9113eb4ab11384,V2-MONITOR,71,1,1000000,1000000,31247,83.4472959999994,0,0,0,0,0,0,0,0,68416,30552576,76169216
60d1d543290d7a4cf520274e,ADAPT-V2,53,2,1000000,1000000,31246,85.9804159999997,196,188,2,0,6,0,0,0,68416,30552576,76152832
8d6b77fbd1cc7a74ca0289e4,V2-CONTROLLER,23,1,1000000,1000000,31247,89.3310719999991,196,196,0,0,0,0,0,0,68416,30552576,76218368
d9955fe5e72517f32ecc597a,V2-CONTROLLER,37,2,1000000,1000000,31245,81.8975999999992,197,193,2,0,2,0,0,0,68416,30552576,76210176
a7c4e0b72afb64aa98d7557a,V2-MONITOR,37,3,1000000,1000000,31245,91.0968319999995,0,0,0,0,0,0,0,0,68416,30552576,76087296
5e1f1b952b11cdc0fc2261b7,V2-DATAPATH,23,1,1000000,0,0,0,0,0,0,0,0,0,0,0,68416,30552576,76201984
d9cb5549f6beaf62d1d9dac9,STATIC-REGIONAL,37,4,1000000,0,0,0,0,0,0,0,0,0,0,0,0,30552576,76152832
141b794617d93c37c739601b,V2-CONTROLLER,11,0,1000000,1000000,31245,88.6792959999996,197,186,5,0,6,0,0,0,68416,30552576,76210176
f34920996c95bc0dc084802e,STATIC-REGIONAL,23,2,1000000,0,0,0,0,0,0,0,0,0,0,0,0,30552576,76087296
102fa0f1142cb177aba0b06c,ADAPT-V2,11,3,1000000,1000000,31245,88.2133759999993,197,186,5,0,6,0,0,0,68416,30552576,76214272
beb7adef9a7870d49f78996c,ADAPT-V2,71,4,1000000,1000000,31247,81.5864319999987,196,101,6,0,89,0,0,0,68416,30552576,76222464
eb3afe872d4e914ed9658583,ADAPT-V2,53,0,1000000,1000000,31246,87.9079679999981,196,188,2,0,6,0,0,0,68416,30552576,76218368
22fbf96ed57033bc1110baa6,STATIC,23,3,1000000,0,0,0,0,0,0,0,0,0,0,0,0,30553400,75997184
35a72160bedd6111648f2902,STATIC-REGIONAL,71,2,1000000,0,0,0,0,0,0,0,0,0,0,0,0,30552576,76013568
0d3a6b8c64fe2bdb858b4324,V2-CONTROLLER,23,4,1000000,1000000,31247,84.1895679999985,196,196,0,0,0,0,0,0,68416,30552576,76214272
c9ca72df0e9fb9fa4e561a19,V2-MONITOR,11,4,1000000,1000000,31245,84.164736,0,0,0,0,0,0,0,0,68416,30552576,76075008
380b83354076e4a58734fee2,V2-CONTROLLER,11,1,1000000,1000000,31245,81.834111999999,197,186,5,0,6,0,0,0,68416,30552576,76070912
2f14d0efda8c2b4553d5ff59,V2-DATAPATH,23,4,1000000,0,0,0,0,0,0,0,0,0,0,0,68416,30552576,76079104
3e96efd7e1f5230f468e1b43,V2-DATAPATH,53,1,1000000,0,0,0,0,0,0,0,0,0,0,0,68416,30552576,76013568
314621784aaf18e9db73e495,V2-CONTROLLER,11,3,1000000,1000000,31245,89.2259839999998,197,186,5,0,6,0,0,0,68416,30552576,76148736
